month,model,generation,token_type,channel,workload,segment,tokens,allocated_inference_cost_cents,net_revenue_cents,cost_per_mtok,inference_gross_margin,receipt_id
2024-02-01,synthetic-g1,1,cache_read,azure_marketplace,claude_code,marketplace,93375024,1870,2456,0.20026768614270984,0.23859934853420195,mr-1673c6225a055ecb5323ee5746cd0e43
2024-02-01,synthetic-g1,1,cache_read,direct,api,enterprise,125555722,2514,2548,0.20022982305816378,0.013343799058084804,mr-1673c6225a055ecb5323ee5746cd0e43
2024-02-01,synthetic-g1,1,cache_read,direct,api,mid_market_api,65847624,1319,1819,0.20031094819761455,0.2748763056624519,mr-1673c6225a055ecb5323ee5746cd0e43
2024-02-01,synthetic-g1,1,cache_read,direct,api,startup_api,658181,13,19,0.1975140576832209,0.3157894736842105,mr-1673c6225a055ecb5323ee5746cd0e43
2024-02-01,synthetic-g1,1,cache_write,azure_marketplace,claude_code,marketplace,23341272,3895,7673,1.6687179687550875,0.4923758634171771,mr-1673c6225a055ecb5323ee5746cd0e43
2024-02-01,synthetic-g1,1,cache_write,direct,api,enterprise,31394181,5239,7963,1.6687805934481934,0.34208212985055886,mr-1673c6225a055ecb5323ee5746cd0e43
2024-02-01,synthetic-g1,1,cache_write,direct,api,mid_market_api,16458620,2746,5682,1.6684266360120108,0.5167194649771207,mr-1673c6225a055ecb5323ee5746cd0e43
2024-02-01,synthetic-g1,1,cache_write,direct,api,startup_api,165098,27,60,1.6353923124447298,0.55,mr-1673c6225a055ecb5323ee5746cd0e43
2024-02-01,synthetic-g1,1,input,azure_marketplace,claude_code,marketplace,233437061,31164,61387,1.3350065266628763,0.4923355107758972,mr-1673c6225a055ecb5323ee5746cd0e43
2024-02-01,synthetic-g1,1,input,direct,api,enterprise,313882286,41904,63692,1.3350227734737474,0.34208377818250335,mr-1673c6225a055ecb5323ee5746cd0e43
2024-02-01,synthetic-g1,1,input,direct,api,mid_market_api,164598236,21974,45458,1.3350082318014636,0.5166087377359321,mr-1673c6225a055ecb5323ee5746cd0e43
2024-02-01,synthetic-g1,1,input,direct,api,startup_api,1644281,219,479,1.331889135737748,0.5427974947807933,mr-1673c6225a055ecb5323ee5746cd0e43
2024-02-01,synthetic-g1,1,output,azure_marketplace,claude_code,marketplace,116697956,62317,122753,5.340024978672291,0.4923382727917036,mr-1673c6225a055ecb5323ee5746cd0e43
2024-02-01,synthetic-g1,1,output,direct,api,enterprise,156958562,83816,127399,5.3400081481378505,0.3420984466126108,mr-1673c6225a055ecb5323ee5746cd0e43
2024-02-01,synthetic-g1,1,output,direct,api,mid_market_api,82299672,43948,90917,5.339996980789912,0.5166140545772517,mr-1673c6225a055ecb5323ee5746cd0e43
2024-02-01,synthetic-g1,1,output,direct,api,startup_api,823083,439,959,5.33360548085673,0.5422314911366006,mr-1673c6225a055ecb5323ee5746cd0e43
2024-03-01,synthetic-g1,1,cache_read,azure_marketplace,claude_code,marketplace,121483519,2433,3194,0.20027407997623117,0.23825923606762678,mr-1673c6225a055ecb5323ee5746cd0e43
2024-03-01,synthetic-g1,1,cache_read,direct,api,enterprise,235640688,4719,4776,0.2002625285154489,0.011934673366834181,mr-1673c6225a055ecb5323ee5746cd0e43
2024-03-01,synthetic-g1,1,cache_read,direct,api,mid_market_api,73380536,1470,2027,0.20032560132839586,0.2747903305377405,mr-1673c6225a055ecb5323ee5746cd0e43
2024-03-01,synthetic-g1,1,cache_read,direct,api,startup_api,992637,20,29,0.20148352318118304,0.31034482758620685,mr-1673c6225a055ecb5323ee5746cd0e43
2024-03-01,synthetic-g1,1,cache_write,azure_marketplace,claude_code,marketplace,30371754,5068,9984,1.668655685805963,0.4923878205128205,mr-1673c6225a055ecb5323ee5746cd0e43
2024-03-01,synthetic-g1,1,cache_write,direct,api,enterprise,58909524,9830,14925,1.6686605717608582,0.3413735343383585,mr-1673c6225a055ecb5323ee5746cd0e43
2024-03-01,synthetic-g1,1,cache_write,direct,api,mid_market_api,18345156,3061,6333,1.668560354569893,0.5166587715142903,mr-1673c6225a055ecb5323ee5746cd0e43
2024-03-01,synthetic-g1,1,cache_write,direct,api,startup_api,248263,41,90,1.651474444439969,0.5444444444444445,mr-1673c6225a055ecb5323ee5746cd0e43
2024-03-01,synthetic-g1,1,input,azure_marketplace,claude_code,marketplace,303714304,40546,79868,1.3350046232922899,0.49233735663845346,mr-1673c6225a055ecb5323ee5746cd0e43
2024-03-01,synthetic-g1,1,input,direct,api,enterprise,589099035,78645,119399,1.3350047331175818,0.3413261417599812,mr-1673c6225a055ecb5323ee5746cd0e43
2024-03-01,synthetic-g1,1,input,direct,api,mid_market_api,183452991,24491,50666,1.3350014009856073,0.5166186397189436,mr-1673c6225a055ecb5323ee5746cd0e43
2024-03-01,synthetic-g1,1,input,direct,api,startup_api,2480805,331,723,1.33424432795,0.5421853388658369,mr-1673c6225a055ecb5323ee5746cd0e43
2024-03-01,synthetic-g1,1,output,azure_marketplace,claude_code,marketplace,151862808,81095,159741,5.340017155484179,0.49233446641751333,mr-1673c6225a055ecb5323ee5746cd0e43
2024-03-01,synthetic-g1,1,output,direct,api,enterprise,294540027,157284,238789,5.339987288043536,0.3413264430103564,mr-1673c6225a055ecb5323ee5746cd0e43
2024-03-01,synthetic-g1,1,output,direct,api,mid_market_api,91734212,48986,101340,5.33999245559552,0.5166173278073811,mr-1673c6225a055ecb5323ee5746cd0e43
2024-03-01,synthetic-g1,1,output,direct,api,startup_api,1240100,662,1444,5.338279171034594,0.5415512465373962,mr-1673c6225a055ecb5323ee5746cd0e43
2024-04-01,synthetic-g1,1,cache_read,azure_marketplace,claude_code,marketplace,300018220,6008,7890,0.20025450454309074,0.23852978453738904,mr-1673c6225a055ecb5323ee5746cd0e43
2024-04-01,synthetic-g1,1,cache_read,direct,api,enterprise,122944637,2462,2487,0.2002527365223747,0.010052271813429825,mr-1673c6225a055ecb5323ee5746cd0e43
2024-04-01,synthetic-g1,1,cache_read,direct,api,mid_market_api,140312143,2810,3875,0.2002677701245002,0.2748387096774193,mr-1673c6225a055ecb5323ee5746cd0e43
2024-04-01,synthetic-g1,1,cache_read,direct,api,startup_api,1315802,26,38,0.1975981188659084,0.3157894736842105,mr-1673c6225a055ecb5323ee5746cd0e43
2024-04-01,synthetic-g1,1,cache_write,azure_marketplace,claude_code,marketplace,74989981,12514,24650,1.6687562569191743,0.4923326572008113,mr-1673c6225a055ecb5323ee5746cd0e43
2024-04-01,synthetic-g1,1,cache_write,direct,api,enterprise,30730758,5128,7772,1.6686864671545036,0.34019557385486365,mr-1673c6225a055ecb5323ee5746cd0e43
2024-04-01,synthetic-g1,1,cache_write,direct,api,mid_market_api,35073580,5853,12108,1.66877746725598,0.5166005946481664,mr-1673c6225a055ecb5323ee5746cd0e43
2024-04-01,synthetic-g1,1,cache_write,direct,api,startup_api,328559,55,120,1.6739763634537481,0.5416666666666667,mr-1673c6225a055ecb5323ee5746cd0e43
2024-04-01,synthetic-g1,1,input,azure_marketplace,claude_code,marketplace,749978983,100122,197223,1.3349974101874265,0.49234115696445135,mr-1673c6225a055ecb5323ee5746cd0e43
2024-04-01,synthetic-g1,1,input,direct,api,enterprise,307329336,41028,62179,1.3349848255293142,0.340163077566381,mr-1673c6225a055ecb5323ee5746cd0e43
2024-04-01,synthetic-g1,1,input,direct,api,mid_market_api,350738090,46824,96867,1.3350132573282816,0.51661556567252,mr-1673c6225a055ecb5323ee5746cd0e43
2024-04-01,synthetic-g1,1,input,direct,api,startup_api,3290688,439,958,1.3340675263045296,0.5417536534446764,mr-1673c6225a055ecb5323ee5746cd0e43
2024-04-01,synthetic-g1,1,output,azure_marketplace,claude_code,marketplace,374987664,200243,394444,5.339988997611399,0.49234111813083736,mr-1673c6225a055ecb5323ee5746cd0e43
2024-04-01,synthetic-g1,1,output,direct,api,enterprise,153675492,82063,124368,5.340018693416645,0.34015984819246103,mr-1673c6225a055ecb5323ee5746cd0e43
2024-04-01,synthetic-g1,1,output,direct,api,mid_market_api,175363114,93644,193727,5.34000553845092,0.5166187469996438,mr-1673c6225a055ecb5323ee5746cd0e43
2024-04-01,synthetic-g1,1,output,direct,api,startup_api,1646580,879,1918,5.33833764530117,0.5417101147028154,mr-1673c6225a055ecb5323ee5746cd0e43
2024-05-01,synthetic-g1,1,cache_read,azure_marketplace,claude_code,marketplace,230566045,4617,6063,0.20024631120336908,0.23849579416130628,mr-1673c6225a055ecb5323ee5746cd0e43
2024-05-01,synthetic-g1,1,cache_read,direct,api,enterprise,203078684,4066,4126,0.20021796083728807,0.014541929229277772,mr-1673c6225a055ecb5323ee5746cd0e43
2024-05-01,synthetic-g1,1,cache_read,direct,api,mid_market_api,97376547,1950,2689,0.20025355797428307,0.2748233544068427,mr-1673c6225a055ecb5323ee5746cd0e43
2024-05-01,synthetic-g1,1,cache_read,direct,api,startup_api,1195418,24,35,0.20076659377723943,0.3142857142857143,mr-1673c6225a055ecb5323ee5746cd0e43
2024-05-01,synthetic-g1,1,cache_write,azure_marketplace,claude_code,marketplace,57652028,9621,18951,1.6688051285897523,0.4923223048915625,mr-1673c6225a055ecb5323ee5746cd0e43
2024-05-01,synthetic-g1,1,cache_write,direct,api,enterprise,50769561,8472,12894,1.668716418485478,0.34295020939972076,mr-1673c6225a055ecb5323ee5746cd0e43
2024-05-01,synthetic-g1,1,cache_write,direct,api,mid_market_api,24341637,4062,8403,1.6687456147669937,0.5166012138521956,mr-1673c6225a055ecb5323ee5746cd0e43
2024-05-01,synthetic-g1,1,cache_write,direct,api,startup_api,298491,50,109,1.675092381344831,0.5412844036697247,mr-1673c6225a055ecb5323ee5746cd0e43
2024-05-01,synthetic-g1,1,input,azure_marketplace,claude_code,marketplace,576486385,76961,151600,1.3350011726642945,0.49234168865435357,mr-1673c6225a055ecb5323ee5746cd0e43
2024-05-01,synthetic-g1,1,input,direct,api,enterprise,507731004,67782,103158,1.3349982464336567,0.34293026231605883,mr-1673c6225a055ecb5323ee5746cd0e43
2024-05-01,synthetic-g1,1,input,direct,api,mid_market_api,243447776,32500,67235,1.3349885767697462,0.5166208076150814,mr-1673c6225a055ecb5323ee5746cd0e43
2024-05-01,synthetic-g1,1,input,direct,api,startup_api,2986725,399,870,1.335911407980313,0.5413793103448277,mr-1673c6225a055ecb5323ee5746cd0e43
2024-05-01,synthetic-g1,1,output,azure_marketplace,claude_code,marketplace,288209497,153904,303164,5.3400044621014,0.49234077924819575,mr-1673c6225a055ecb5323ee5746cd0e43
2024-05-01,synthetic-g1,1,output,direct,api,enterprise,253865295,135565,206317,5.3400367308969905,0.34292860016382554,mr-1673c6225a055ecb5323ee5746cd0e43
2024-05-01,synthetic-g1,1,output,direct,api,mid_market_api,121726975,65002,134474,5.3399831877856165,0.5166203132203995,mr-1673c6225a055ecb5323ee5746cd0e43
2024-05-01,synthetic-g1,1,output,direct,api,startup_api,1492266,797,1739,5.340870863505568,0.5416906267970099,mr-1673c6225a055ecb5323ee5746cd0e43
2024-06-01,synthetic-g1,1,cache_read,azure_marketplace,claude_code,marketplace,242614236,4858,6380,0.20023557067772396,0.23855799373040754,mr-1673c6225a055ecb5323ee5746cd0e43
2024-06-01,synthetic-g1,1,cache_read,direct,api,enterprise,178286437,3570,3616,0.20023957290705183,0.012721238938053103,mr-1673c6225a055ecb5323ee5746cd0e43
2024-06-01,synthetic-g1,1,cache_read,direct,api,mid_market_api,109778268,2198,3032,0.20022177795699964,0.275065963060686,mr-1673c6225a055ecb5323ee5746cd0e43
2024-06-01,synthetic-g1,1,cache_read,direct,api,startup_api,543649,11,16,0.20233643398589898,0.3125,mr-1673c6225a055ecb5323ee5746cd0e43
2024-06-01,synthetic-g1,1,cache_write,azure_marketplace,claude_code,marketplace,60653258,10122,19938,1.66883038665458,0.4923262112548902,mr-1673c6225a055ecb5323ee5746cd0e43
2024-06-01,synthetic-g1,1,cache_write,direct,api,enterprise,44570859,7438,11300,1.6688033766636627,0.3417699115044248,mr-1673c6225a055ecb5323ee5746cd0e43
2024-06-01,synthetic-g1,1,cache_write,direct,api,mid_market_api,27440709,4579,9473,1.6686886625269048,0.5166262007811675,mr-1673c6225a055ecb5323ee5746cd0e43
2024-06-01,synthetic-g1,1,cache_write,direct,api,startup_api,135898,23,49,1.6924458049419417,0.5306122448979591,mr-1673c6225a055ecb5323ee5746cd0e43
2024-06-01,synthetic-g1,1,input,azure_marketplace,claude_code,marketplace,606511149,80969,159495,1.3349960694621954,0.4923414527101163,mr-1673c6225a055ecb5323ee5746cd0e43
2024-06-01,synthetic-g1,1,input,direct,api,enterprise,445749978,59508,90413,1.3350084786768066,0.34182031345049935,mr-1673c6225a055ecb5323ee5746cd0e43
2024-06-01,synthetic-g1,1,input,direct,api,mid_market_api,274498453,36646,75811,1.3350166312230547,0.516613684030022,mr-1673c6225a055ecb5323ee5746cd0e43
2024-06-01,synthetic-g1,1,input,direct,api,startup_api,1359488,181,396,1.331383579700593,0.5429292929292929,mr-1673c6225a055ecb5323ee5746cd0e43
2024-06-01,synthetic-g1,1,output,azure_marketplace,claude_code,marketplace,303272465,161948,319007,5.340016608497576,0.4923371587457328,mr-1673c6225a055ecb5323ee5746cd0e43
2024-06-01,synthetic-g1,1,output,direct,api,enterprise,222840979,118997,180797,5.339996284974139,0.3418198310812679,mr-1673c6225a055ecb5323ee5746cd0e43
2024-06-01,synthetic-g1,1,output,direct,api,mid_market_api,137233689,73283,151604,5.340015307757266,0.5166156565789821,mr-1673c6225a055ecb5323ee5746cd0e43
2024-06-01,synthetic-g1,1,output,direct,api,startup_api,680703,363,794,5.332722200431025,0.5428211586901763,mr-1673c6225a055ecb5323ee5746cd0e43
2024-07-01,synthetic-g1,1,cache_read,azure_marketplace,claude_code,marketplace,328630120,6581,8643,0.2002555334854882,0.2385745690153882,mr-1673c6225a055ecb5323ee5746cd0e43
2024-07-01,synthetic-g1,1,cache_read,direct,api,enterprise,342569062,6859,6956,0.20022240070237282,0.01394479585968944,mr-1673c6225a055ecb5323ee5746cd0e43
2024-07-01,synthetic-g1,1,cache_read,direct,api,mid_market_api,39631665,794,1095,0.20034485051284118,0.27488584474885847,mr-1673c6225a055ecb5323ee5746cd0e43
2024-07-01,synthetic-g1,1,cache_read,direct,api,startup_api,1645154,33,48,0.20058912417925617,0.3125,mr-1673c6225a055ecb5323ee5746cd0e43
2024-07-01,synthetic-g1,1,cache_write,azure_marketplace,claude_code,marketplace,82153953,13709,27005,1.6686963316299581,0.49235326791334943,mr-1673c6225a055ecb5323ee5746cd0e43
2024-07-01,synthetic-g1,1,cache_write,direct,api,enterprise,85628314,14289,21735,1.668723735469088,0.3425810904071773,mr-1673c6225a055ecb5323ee5746cd0e43
2024-07-01,synthetic-g1,1,cache_write,direct,api,mid_market_api,9906361,1653,3420,1.668624836102783,0.5166666666666666,mr-1673c6225a055ecb5323ee5746cd0e43
2024-07-01,synthetic-g1,1,cache_write,direct,api,startup_api,411615,69,150,1.6763237491345067,0.54,mr-1673c6225a055ecb5323ee5746cd0e43
2024-07-01,synthetic-g1,1,input,azure_marketplace,claude_code,marketplace,821466767,109666,216022,1.3350022716135028,0.4923387432761478,mr-1673c6225a055ecb5323ee5746cd0e43
2024-07-01,synthetic-g1,1,input,direct,api,enterprise,856339659,114321,173891,1.3349959773380062,0.3425709208642196,mr-1673c6225a055ecb5323ee5746cd0e43
2024-07-01,synthetic-g1,1,input,direct,api,mid_market_api,99086255,13228,27366,1.3349984818782383,0.5166264708031865,mr-1673c6225a055ecb5323ee5746cd0e43
2024-07-01,synthetic-g1,1,input,direct,api,startup_api,4117981,550,1200,1.3356059680702752,0.5416666666666667,mr-1673c6225a055ecb5323ee5746cd0e43
2024-07-01,synthetic-g1,1,output,azure_marketplace,claude_code,marketplace,410731871,219331,432043,5.340004403992307,0.49233988283573626,mr-1673c6225a055ecb5323ee5746cd0e43
2024-07-01,synthetic-g1,1,output,direct,api,enterprise,428181332,228649,347792,5.340003940199803,0.34256969683028937,mr-1673c6225a055ecb5323ee5746cd0e43
2024-07-01,synthetic-g1,1,output,direct,api,mid_market_api,49544508,26457,54732,5.340046973521263,0.51660819995615,mr-1673c6225a055ecb5323ee5746cd0e43
2024-07-01,synthetic-g1,1,output,direct,api,startup_api,2057806,1099,2397,5.340639496628934,0.5415102211097205,mr-1673c6225a055ecb5323ee5746cd0e43
2024-08-01,synthetic-g1,1,cache_read,azure_marketplace,claude_code,marketplace,245999912,4926,6470,0.2002439740710151,0.2386398763523957,mr-1673c6225a055ecb5323ee5746cd0e43
2024-08-01,synthetic-g1,1,cache_read,direct,api,enterprise,206762818,4140,4189,0.20022942422848966,0.011697302458820724,mr-1673c6225a055ecb5323ee5746cd0e43
2024-08-01,synthetic-g1,1,cache_read,direct,api,mid_market_api,29828734,597,824,0.20014258734547702,0.2754854368932039,mr-1673c6225a055ecb5323ee5746cd0e43
2024-08-01,synthetic-g1,1,cache_read,direct,api,startup_api,793948,16,23,0.2015245330928474,0.30434782608695654,mr-1673c6225a055ecb5323ee5746cd0e43
2024-08-01,synthetic-g1,1,cache_write,azure_marketplace,claude_code,marketplace,61483648,10260,20210,1.6687363768656018,0.49233052944087086,mr-1673c6225a055ecb5323ee5746cd0e43
2024-08-01,synthetic-g1,1,cache_write,direct,api,enterprise,51681399,8624,13089,1.6686854781156368,0.34112613645045453,mr-1673c6225a055ecb5323ee5746cd0e43
2024-08-01,synthetic-g1,1,cache_write,direct,api,mid_market_api,7459246,1245,2575,1.6690695011265213,0.5165048543689321,mr-1673c6225a055ecb5323ee5746cd0e43
2024-08-01,synthetic-g1,1,cache_write,direct,api,startup_api,197745,33,72,1.668815899264204,0.5416666666666667,mr-1673c6225a055ecb5323ee5746cd0e43
2024-08-01,synthetic-g1,1,input,azure_marketplace,claude_code,marketplace,614912221,82091,161704,1.33500355329578,0.49233785187750456,mr-1673c6225a055ecb5323ee5746cd0e43
2024-08-01,synthetic-g1,1,input,direct,api,enterprise,516814930,68995,104710,1.335004002303107,0.34108490115557255,mr-1673c6225a055ecb5323ee5746cd0e43
2024-08-01,synthetic-g1,1,input,direct,api,mid_market_api,74594144,9958,20601,1.3349573392785363,0.5166254065336634,mr-1673c6225a055ecb5323ee5746cd0e43
2024-08-01,synthetic-g1,1,input,direct,api,startup_api,1985243,265,578,1.3348491847093782,0.5415224913494809,mr-1673c6225a055ecb5323ee5746cd0e43
2024-08-01,synthetic-g1,1,output,azure_marketplace,claude_code,marketplace,307493603,164202,323449,5.340013528671684,0.49234036896079447,mr-1673c6225a055ecb5323ee5746cd0e43
2024-08-01,synthetic-g1,1,output,direct,api,enterprise,258406753,137989,209419,5.339992024124849,0.3410865298755127,mr-1673c6225a055ecb5323ee5746cd0e43
2024-08-01,synthetic-g1,1,output,direct,api,mid_market_api,37295554,19916,41201,5.340046698327634,0.516613674425378,mr-1673c6225a055ecb5323ee5746cd0e43
2024-08-01,synthetic-g1,1,output,direct,api,startup_api,991842,530,1157,5.343593031954686,0.5419187554019015,mr-1673c6225a055ecb5323ee5746cd0e43
2024-09-01,synthetic-g1,1,cache_read,azure_marketplace,claude_code,marketplace,144134629,2886,3790,0.2002294674099449,0.23852242744063323,mr-1673c6225a055ecb5323ee5746cd0e43
2024-09-01,synthetic-g1,1,cache_read,direct,api,enterprise,222141655,4449,4505,0.20027761114861595,0.012430632630410665,mr-1673c6225a055ecb5323ee5746cd0e43
2024-09-01,synthetic-g1,1,cache_read,direct,api,mid_market_api,41467003,830,1145,0.20015914822684436,0.27510917030567683,mr-1673c6225a055ecb5323ee5746cd0e43
2024-09-01,synthetic-g1,1,cache_read,direct,api,startup_api,695114,14,20,0.20140581257175083,0.30000000000000004,mr-1673c6225a055ecb5323ee5746cd0e43
2024-09-01,synthetic-g1,1,cache_write,azure_marketplace,claude_code,marketplace,36041331,6014,11847,1.6686398179911834,0.49236093525787117,mr-1673c6225a055ecb5323ee5746cd0e43
2024-09-01,synthetic-g1,1,cache_write,direct,api,enterprise,55531566,9266,14077,1.6686005217284887,0.3417631597641543,mr-1673c6225a055ecb5323ee5746cd0e43
2024-09-01,synthetic-g1,1,cache_write,direct,api,mid_market_api,10370674,1731,3580,1.6691297016953768,0.5164804469273743,mr-1673c6225a055ecb5323ee5746cd0e43
2024-09-01,synthetic-g1,1,cache_write,direct,api,startup_api,173006,29,63,1.676242442458643,0.5396825396825398,mr-1673c6225a055ecb5323ee5746cd0e43
2024-09-01,synthetic-g1,1,input,azure_marketplace,claude_code,marketplace,360356795,48108,94764,1.3350102084241258,0.4923388628593136,mr-1673c6225a055ecb5323ee5746cd0e43
2024-09-01,synthetic-g1,1,input,direct,api,enterprise,555398439,74146,112629,1.3350055526533449,0.3416793188255245,mr-1673c6225a055ecb5323ee5746cd0e43
2024-09-01,synthetic-g1,1,input,direct,api,mid_market_api,103646899,13837,28625,1.3350134093254444,0.5166113537117905,mr-1673c6225a055ecb5323ee5746cd0e43
2024-09-01,synthetic-g1,1,input,direct,api,startup_api,1736425,232,506,1.336078437018587,0.541501976284585,mr-1673c6225a055ecb5323ee5746cd0e43
2024-09-01,synthetic-g1,1,output,azure_marketplace,claude_code,marketplace,180191441,96222,189541,5.339987263878976,0.4923420262634469,mr-1673c6225a055ecb5323ee5746cd0e43
2024-09-01,synthetic-g1,1,output,direct,api,enterprise,277671517,148277,225236,5.340014762839359,0.3416816139515886,mr-1673c6225a055ecb5323ee5746cd0e43
2024-09-01,synthetic-g1,1,output,direct,api,mid_market_api,51824798,27674,57252,5.339914687173503,0.5166282400614826,mr-1673c6225a055ecb5323ee5746cd0e43
2024-09-01,synthetic-g1,1,output,direct,api,startup_api,868613,464,1012,5.341849592396153,0.541501976284585,mr-1673c6225a055ecb5323ee5746cd0e43
2024-10-01,synthetic-g1,1,cache_read,direct,agent_platform,startup_api,806453,16,22,0.19839965875258694,0.2727272727272727,mr-1673c6225a055ecb5323ee5746cd0e43
2024-10-01,synthetic-g1,1,cache_read,direct,api,mid_market_api,26558053,532,733,0.20031588912033574,0.27421555252387453,mr-1673c6225a055ecb5323ee5746cd0e43
2024-10-01,synthetic-g1,1,cache_write,direct,agent_platform,startup_api,201391,33,68,1.638603512570075,0.5147058823529411,mr-1673c6225a055ecb5323ee5746cd0e43
2024-10-01,synthetic-g1,1,cache_write,direct,api,mid_market_api,6637996,1108,2292,1.6691784689234521,0.5165794066317626,mr-1673c6225a055ecb5323ee5746cd0e43
2024-10-01,synthetic-g1,1,input,direct,agent_platform,startup_api,2013105,269,544,1.3362442594896937,0.5055147058823529,mr-1673c6225a055ecb5323ee5746cd0e43
2024-10-01,synthetic-g1,1,input,direct,api,mid_market_api,66366129,8860,18329,1.3350183494957195,0.5166130176223471,mr-1673c6225a055ecb5323ee5746cd0e43
2024-10-01,synthetic-g1,1,output,direct,agent_platform,startup_api,1007852,538,1088,5.338085353801947,0.5055147058823529,mr-1673c6225a055ecb5323ee5746cd0e43
2024-10-01,synthetic-g1,1,output,direct,api,mid_market_api,33183092,17720,36658,5.340068972475501,0.5166130176223471,mr-1673c6225a055ecb5323ee5746cd0e43
2024-10-01,synthetic-g2,2,cache_read,direct,api,enterprise,390144665,6250,6509,0.1601969874431065,0.039791058534337065,mr-1673c6225a055ecb5323ee5746cd0e43
2024-10-01,synthetic-g2,2,cache_read,direct,api,startup_api,700364,11,17,0.15706118532648736,0.3529411764705882,mr-1673c6225a055ecb5323ee5746cd0e43
2024-10-01,synthetic-g2,2,cache_read,direct,claude_code,enterprise,608953111,9755,13018,0.16019295777930592,0.2506529420801966,mr-1673c6225a055ecb5323ee5746cd0e43
2024-10-01,synthetic-g2,2,cache_read,direct,claude_code,mid_market_api,1486955,24,34,0.1614036739511283,0.2941176470588235,mr-1673c6225a055ecb5323ee5746cd0e43
2024-10-01,synthetic-g2,2,cache_write,direct,api,enterprise,97534959,13021,20339,1.3350085070523279,0.3598013668321943,mr-1673c6225a055ecb5323ee5746cd0e43
2024-10-01,synthetic-g2,2,cache_write,direct,api,startup_api,175254,23,52,1.3123808871694798,0.5576923076923077,mr-1673c6225a055ecb5323ee5746cd0e43
2024-10-01,synthetic-g2,2,cache_write,direct,claude_code,enterprise,152228142,20322,40678,1.3349699820943752,0.500417916318403,mr-1673c6225a055ecb5323ee5746cd0e43
2024-10-01,synthetic-g2,2,cache_write,direct,claude_code,mid_market_api,372221,50,107,1.3432879928859467,0.5327102803738317,mr-1673c6225a055ecb5323ee5746cd0e43
2024-10-01,synthetic-g2,2,input,direct,api,enterprise,975268358,104158,162696,1.067993226126998,0.3597998721542017,mr-1673c6225a055ecb5323ee5746cd0e43
2024-10-01,synthetic-g2,2,input,direct,api,startup_api,1750822,187,418,1.0680697409559623,0.5526315789473684,mr-1673c6225a055ecb5323ee5746cd0e43
2024-10-01,synthetic-g2,2,input,direct,claude_code,enterprise,1522300868,162582,325428,1.0680017558789174,0.5004056196762418,mr-1673c6225a055ecb5323ee5746cd0e43
2024-10-01,synthetic-g2,2,input,direct,claude_code,mid_market_api,3712590,396,852,1.0666408087076678,0.5352112676056338,mr-1673c6225a055ecb5323ee5746cd0e43
2024-10-01,synthetic-g2,2,output,direct,api,enterprise,487666941,208332,325412,4.272014001457605,0.359790050766413,mr-1673c6225a055ecb5323ee5746cd0e43
2024-10-01,synthetic-g2,2,output,direct,api,startup_api,874605,374,837,4.2762161204200755,0.5531660692951015,mr-1673c6225a055ecb5323ee5746cd0e43
2024-10-01,synthetic-g2,2,output,direct,claude_code,enterprise,761123801,325152,650834,4.271998846610763,0.5004071698774188,mr-1673c6225a055ecb5323ee5746cd0e43
2024-10-01,synthetic-g2,2,output,direct,claude_code,mid_market_api,1855187,793,1703,4.274501707914081,0.5343511450381679,mr-1673c6225a055ecb5323ee5746cd0e43
2024-11-01,synthetic-g2,2,cache_read,aws_marketplace,api,marketplace,5628383,90,125,0.15990383028304933,0.28,mr-1673c6225a055ecb5323ee5746cd0e43
2024-11-01,synthetic-g2,2,cache_read,direct,agent_platform,startup_api,1114390,18,25,0.1615233446100557,0.28,mr-1673c6225a055ecb5323ee5746cd0e43
2024-11-01,synthetic-g2,2,cache_read,direct,api,enterprise,1476105725,23648,23114,0.1602053267559815,-0.023102881370598016,mr-1673c6225a055ecb5323ee5746cd0e43
2024-11-01,synthetic-g2,2,cache_read,direct,api,mid_market_api,66586535,1067,1535,0.16024260760827996,0.30488599348534207,mr-1673c6225a055ecb5323ee5746cd0e43
2024-11-01,synthetic-g2,2,cache_read,direct,api,startup_api,409958,7,10,0.17074919869840324,0.30000000000000004,mr-1673c6225a055ecb5323ee5746cd0e43
2024-11-01,synthetic-g2,2,cache_read,direct,claude_code,enterprise,308190860,4937,6588,0.16019294017999106,0.2506071645415908,mr-1673c6225a055ecb5323ee5746cd0e43
2024-11-01,synthetic-g2,2,cache_read,direct,claude_code,mid_market_api,2538210,41,58,0.16153115778442287,0.2931034482758621,mr-1673c6225a055ecb5323ee5746cd0e43
2024-11-01,synthetic-g2,2,cache_write,aws_marketplace,api,marketplace,1408197,188,391,1.335040480841814,0.5191815856777493,mr-1673c6225a055ecb5323ee5746cd0e43
2024-11-01,synthetic-g2,2,cache_write,direct,agent_platform,startup_api,277479,37,77,1.333434241870556,0.5194805194805194,mr-1673c6225a055ecb5323ee5746cd0e43
2024-11-01,synthetic-g2,2,cache_write,direct,api,enterprise,368996303,49261,72222,1.3349998251879505,0.31792251668466676,mr-1673c6225a055ecb5323ee5746cd0e43
2024-11-01,synthetic-g2,2,cache_write,direct,api,mid_market_api,16655737,2223,4800,1.3346752533376338,0.536875,mr-1673c6225a055ecb5323ee5746cd0e43
2024-11-01,synthetic-g2,2,cache_write,direct,api,startup_api,102541,14,31,1.3653075355223765,0.5483870967741935,mr-1673c6225a055ecb5323ee5746cd0e43
2024-11-01,synthetic-g2,2,cache_write,direct,claude_code,enterprise,77038448,10285,20586,1.335047663473179,0.5003886136209075,mr-1673c6225a055ecb5323ee5746cd0e43
2024-11-01,synthetic-g2,2,cache_write,direct,claude_code,mid_market_api,634688,85,182,1.3392406977916709,0.532967032967033,mr-1673c6225a055ecb5323ee5746cd0e43
2024-11-01,synthetic-g2,2,input,aws_marketplace,api,marketplace,14083354,1504,3125,1.0679274269467345,0.5187200000000001,mr-1673c6225a055ecb5323ee5746cd0e43
2024-11-01,synthetic-g2,2,input,direct,agent_platform,startup_api,2785475,297,617,1.0662454339026557,0.5186385737439222,mr-1673c6225a055ecb5323ee5746cd0e43
2024-11-01,synthetic-g2,2,input,direct,api,enterprise,3690307673,394124,577831,1.0679976709898573,0.31792513728062355,mr-1673c6225a055ecb5323ee5746cd0e43
2024-11-01,synthetic-g2,2,input,direct,api,mid_market_api,166464091,17779,38376,1.068038151243081,0.5367156556180946,mr-1673c6225a055ecb5323ee5746cd0e43
2024-11-01,synthetic-g2,2,input,direct,api,startup_api,1024571,109,245,1.0638598984355403,0.5551020408163265,mr-1673c6225a055ecb5323ee5746cd0e43
2024-11-01,synthetic-g2,2,input,direct,claude_code,enterprise,770351528,82274,164681,1.0680059298850382,0.5004038110043053,mr-1673c6225a055ecb5323ee5746cd0e43
2024-11-01,synthetic-g2,2,input,direct,claude_code,mid_market_api,6343495,677,1456,1.0672350179199321,0.5350274725274725,mr-1673c6225a055ecb5323ee5746cd0e43
2024-11-01,synthetic-g2,2,output,aws_marketplace,api,marketplace,7033274,3005,6243,4.2725478916362425,0.5186609002082332,mr-1673c6225a055ecb5323ee5746cd0e43
2024-11-01,synthetic-g2,2,output,direct,agent_platform,startup_api,1393863,595,1234,4.2687122048580095,0.5178282009724473,mr-1673c6225a055ecb5323ee5746cd0e43
2024-11-01,synthetic-g2,2,output,direct,api,enterprise,1845144194,788246,1155655,4.272002169603879,0.31792273645681457,mr-1673c6225a055ecb5323ee5746cd0e43
2024-11-01,synthetic-g2,2,output,direct,api,mid_market_api,83219612,35551,76741,4.2719497418469095,0.5367404646798973,mr-1673c6225a055ecb5323ee5746cd0e43
2024-11-01,synthetic-g2,2,output,direct,api,startup_api,512427,219,489,4.273779484687575,0.5521472392638036,mr-1673c6225a055ecb5323ee5746cd0e43
2024-11-01,synthetic-g2,2,output,direct,claude_code,enterprise,385178888,164548,329365,4.271989071218254,0.5004083615441834,mr-1673c6225a055ecb5323ee5746cd0e43
2024-11-01,synthetic-g2,2,output,direct,claude_code,mid_market_api,3173533,1356,2912,4.272840395861647,0.5343406593406593,mr-1673c6225a055ecb5323ee5746cd0e43
2024-12-01,synthetic-g2,2,cache_read,aws_marketplace,api,marketplace,14759639,236,328,0.15989550963949728,0.2804878048780488,mr-1673c6225a055ecb5323ee5746cd0e43
2024-12-01,synthetic-g2,2,cache_read,direct,agent_platform,startup_api,1586885,25,35,0.15754134672644834,0.2857142857142857,mr-1673c6225a055ecb5323ee5746cd0e43
2024-12-01,synthetic-g2,2,cache_read,direct,api,enterprise,955959983,15314,15005,0.16019499008673463,-0.02059313562145948,mr-1673c6225a055ecb5323ee5746cd0e43
2024-12-01,synthetic-g2,2,cache_read,direct,api,mid_market_api,72777322,1166,1662,0.1602147438181361,0.2984356197352587,mr-1673c6225a055ecb5323ee5746cd0e43
2024-12-01,synthetic-g2,2,cache_read,direct,api,startup_api,381834,6,9,0.1571363472084728,0.33333333333333337,mr-1673c6225a055ecb5323ee5746cd0e43
2024-12-01,synthetic-g2,2,cache_read,direct,claude_code,enterprise,673821204,10795,14405,0.1602057034702636,0.2506074279763971,mr-1673c6225a055ecb5323ee5746cd0e43
2024-12-01,synthetic-g2,2,cache_read,direct,claude_code,mid_market_api,4450792,71,102,0.15952217043618305,0.303921568627451,mr-1673c6225a055ecb5323ee5746cd0e43
2024-12-01,synthetic-g2,2,cache_write,aws_marketplace,api,marketplace,3687389,492,1023,1.33427745214839,0.5190615835777126,mr-1673c6225a055ecb5323ee5746cd0e43
2024-12-01,synthetic-g2,2,cache_write,direct,agent_platform,startup_api,397092,53,110,1.3347032929396714,0.5181818181818182,mr-1673c6225a055ecb5323ee5746cd0e43
2024-12-01,synthetic-g2,2,cache_write,direct,api,enterprise,238982219,31905,46888,1.3350365618623703,0.31954871182392086,mr-1673c6225a055ecb5323ee5746cd0e43
2024-12-01,synthetic-g2,2,cache_write,direct,api,mid_market_api,18202110,2430,5195,1.3350100620202823,0.532242540904716,mr-1673c6225a055ecb5323ee5746cd0e43
2024-12-01,synthetic-g2,2,cache_write,direct,api,startup_api,95341,13,28,1.3635267093905035,0.5357142857142857,mr-1673c6225a055ecb5323ee5746cd0e43
2024-12-01,synthetic-g2,2,cache_write,direct,claude_code,enterprise,168451445,22488,45013,1.3349840958621637,0.5004109923799791,mr-1673c6225a055ecb5323ee5746cd0e43
2024-12-01,synthetic-g2,2,cache_write,direct,claude_code,mid_market_api,1114056,149,320,1.3374552087148222,0.534375,mr-1673c6225a055ecb5323ee5746cd0e43
2024-12-01,synthetic-g2,2,input,aws_marketplace,api,marketplace,36904722,3941,8190,1.0678850256614858,0.5188034188034187,mr-1673c6225a055ecb5323ee5746cd0e43
2024-12-01,synthetic-g2,2,input,direct,agent_platform,startup_api,3970749,424,879,1.0678086174673846,0.5176336746302617,mr-1673c6225a055ecb5323ee5746cd0e43
2024-12-01,synthetic-g2,2,input,direct,api,enterprise,2390000078,255253,375130,1.068004149245053,0.31956121877749044,mr-1673c6225a055ecb5323ee5746cd0e43
2024-12-01,synthetic-g2,2,input,direct,api,mid_market_api,181944834,19432,41545,1.0680160339149833,0.5322662173546757,mr-1673c6225a055ecb5323ee5746cd0e43
2024-12-01,synthetic-g2,2,input,direct,api,startup_api,955929,102,228,1.0670248522641326,0.5526315789473684,mr-1673c6225a055ecb5323ee5746cd0e43
2024-12-01,synthetic-g2,2,input,direct,claude_code,enterprise,1684525331,179907,360108,1.067998187318443,0.5004082108700723,mr-1673c6225a055ecb5323ee5746cd0e43
2024-12-01,synthetic-g2,2,input,direct,claude_code,mid_market_api,11132910,1189,2555,1.0680046816151392,0.5346379647749511,mr-1673c6225a055ecb5323ee5746cd0e43
2024-12-01,synthetic-g2,2,output,aws_marketplace,api,marketplace,18449075,7881,16376,4.271758882220382,0.5187469467513435,mr-1673c6225a055ecb5323ee5746cd0e43
2024-12-01,synthetic-g2,2,output,direct,agent_platform,startup_api,1985474,848,1759,4.271020421320047,0.5179079022171689,mr-1673c6225a055ecb5323ee5746cd0e43
2024-12-01,synthetic-g2,2,output,direct,api,enterprise,1194905701,510464,750203,4.27200238121552,0.3195655042701775,mr-1673c6225a055ecb5323ee5746cd0e43
2024-12-01,synthetic-g2,2,output,direct,api,mid_market_api,90970872,38863,83086,4.272026764786865,0.532255735021544,mr-1673c6225a055ecb5323ee5746cd0e43
2024-12-01,synthetic-g2,2,output,direct,api,startup_api,477239,204,456,4.274587785155865,0.5526315789473684,mr-1673c6225a055ecb5323ee5746cd0e43
2024-12-01,synthetic-g2,2,output,direct,claude_code,enterprise,842342157,359849,720284,4.272005111101189,0.5004067839907592,mr-1673c6225a055ecb5323ee5746cd0e43
2024-12-01,synthetic-g2,2,output,direct,claude_code,mid_market_api,5567041,2378,5110,4.271569043590661,0.5346379647749511,mr-1673c6225a055ecb5323ee5746cd0e43
2025-01-01,synthetic-g2,2,cache_read,aws_marketplace,api,marketplace,27519218,441,610,0.16025164668559985,0.27704918032786885,mr-1673c6225a055ecb5323ee5746cd0e43
2025-01-01,synthetic-g2,2,cache_read,direct,agent_platform,startup_api,1729578,28,38,0.16188920071832552,0.26315789473684215,mr-1673c6225a055ecb5323ee5746cd0e43
2025-01-01,synthetic-g2,2,cache_read,direct,api,enterprise,1553174160,24882,24411,0.16020096548605986,-0.019294580312154253,mr-1673c6225a055ecb5323ee5746cd0e43
2025-01-01,synthetic-g2,2,cache_read,direct,api,mid_market_api,52016397,834,1192,0.16033405773952394,0.30033557046979864,mr-1673c6225a055ecb5323ee5746cd0e43
2025-01-01,synthetic-g2,2,cache_read,direct,api,startup_api,558762,9,13,0.16107036627401292,0.3076923076923077,mr-1673c6225a055ecb5323ee5746cd0e43
2025-01-01,synthetic-g2,2,cache_read,direct,claude_code,enterprise,531479918,8514,11362,0.16019419947302693,0.2506600950536877,mr-1673c6225a055ecb5323ee5746cd0e43
2025-01-01,synthetic-g2,2,cache_read,direct,claude_code,mid_market_api,1189954,19,27,0.1596700376653215,0.2962962962962963,mr-1673c6225a055ecb5323ee5746cd0e43
2025-01-01,synthetic-g2,2,cache_write,aws_marketplace,api,marketplace,6885571,919,1910,1.3346750763299078,0.518848167539267,mr-1673c6225a055ecb5323ee5746cd0e43
2025-01-01,synthetic-g2,2,cache_write,direct,agent_platform,startup_api,431755,58,120,1.3433544487035471,0.5166666666666666,mr-1673c6225a055ecb5323ee5746cd0e43
2025-01-01,synthetic-g2,2,cache_write,direct,api,enterprise,388290772,51836,76282,1.3349789317166671,0.32046878686977265,mr-1673c6225a055ecb5323ee5746cd0e43
2025-01-01,synthetic-g2,2,cache_write,direct,api,mid_market_api,12997571,1735,3724,1.3348647989689766,0.5341031149301826,mr-1673c6225a055ecb5323ee5746cd0e43
2025-01-01,synthetic-g2,2,cache_write,direct,api,startup_api,140116,19,42,1.3560192982956978,0.5476190476190477,mr-1673c6225a055ecb5323ee5746cd0e43
2025-01-01,synthetic-g2,2,cache_write,direct,claude_code,enterprise,132858084,17737,35502,1.3350335535472573,0.5003943439806209,mr-1673c6225a055ecb5323ee5746cd0e43
2025-01-01,synthetic-g2,2,cache_write,direct,claude_code,mid_market_api,296726,40,85,1.3480449977420246,0.5294117647058824,mr-1673c6225a055ecb5323ee5746cd0e43
2025-01-01,synthetic-g2,2,input,aws_marketplace,api,marketplace,68806778,7349,15269,1.068063381779045,0.5186980155871374,mr-1673c6225a055ecb5323ee5746cd0e43
2025-01-01,synthetic-g2,2,input,direct,agent_platform,startup_api,4323909,462,958,1.0684776205974733,0.5177453027139876,mr-1673c6225a055ecb5323ee5746cd0e43
2025-01-01,synthetic-g2,2,input,direct,api,enterprise,3882987942,414702,610269,1.067997135696488,0.32046032159588644,mr-1673c6225a055ecb5323ee5746cd0e43
2025-01-01,synthetic-g2,2,input,direct,api,mid_market_api,130032841,13887,29800,1.0679609776425634,0.533993288590604,mr-1673c6225a055ecb5323ee5746cd0e43
2025-01-01,synthetic-g2,2,input,direct,api,startup_api,1397435,149,334,1.0662392168508732,0.5538922155688623,mr-1673c6225a055ecb5323ee5746cd0e43
2025-01-01,synthetic-g2,2,input,direct,claude_code,enterprise,1328664842,141901,284034,1.067996950881914,0.5004084018110508,mr-1673c6225a055ecb5323ee5746cd0e43
2025-01-01,synthetic-g2,2,input,direct,claude_code,mid_market_api,2970244,317,682,1.0672523873459554,0.5351906158357771,mr-1673c6225a055ecb5323ee5746cd0e43
2025-01-01,synthetic-g2,2,output,aws_marketplace,api,marketplace,34412299,14701,30548,4.27201914059854,0.5187573654576405,mr-1673c6225a055ecb5323ee5746cd0e43
2025-01-01,synthetic-g2,2,output,direct,agent_platform,startup_api,2164873,925,1918,4.272767963755841,0.5177267987486965,mr-1673c6225a055ecb5323ee5746cd0e43
2025-01-01,synthetic-g2,2,output,direct,api,enterprise,1941505548,829411,1220544,4.271999123846954,0.32045792695716013,mr-1673c6225a055ecb5323ee5746cd0e43
2025-01-01,synthetic-g2,2,output,direct,api,mid_market_api,65019575,27776,59604,4.2719442567872825,0.5339910073149453,mr-1673c6225a055ecb5323ee5746cd0e43
2025-01-01,synthetic-g2,2,output,direct,api,startup_api,698919,299,669,4.278035079887655,0.5530642750373692,mr-1673c6225a055ecb5323ee5746cd0e43
2025-01-01,synthetic-g2,2,output,direct,claude_code,enterprise,664277156,283779,568020,4.271996973504234,0.500406675821274,mr-1673c6225a055ecb5323ee5746cd0e43
2025-01-01,synthetic-g2,2,output,direct,claude_code,mid_market_api,1486952,635,1365,4.270480822514782,0.5347985347985348,mr-1673c6225a055ecb5323ee5746cd0e43
2025-02-01,synthetic-g2,2,cache_read,aws_marketplace,api,marketplace,9086496,146,202,0.16067799952809092,0.27722772277227725,mr-1673c6225a055ecb5323ee5746cd0e43
2025-02-01,synthetic-g2,2,cache_read,direct,agent_platform,startup_api,1198143,19,27,0.15857873392408084,0.2962962962962963,mr-1673c6225a055ecb5323ee5746cd0e43
2025-02-01,synthetic-g2,2,cache_read,direct,api,enterprise,1447916780,23196,22717,0.16020257738846014,-0.021085530659858298,mr-1673c6225a055ecb5323ee5746cd0e43
2025-02-01,synthetic-g2,2,cache_read,direct,api,mid_market_api,102338436,1639,2335,0.1601548806159203,0.2980728051391863,mr-1673c6225a055ecb5323ee5746cd0e43
2025-02-01,synthetic-g2,2,cache_read,direct,api,startup_api,618677,10,15,0.16163523130809776,0.33333333333333337,mr-1673c6225a055ecb5323ee5746cd0e43
2025-02-01,synthetic-g2,2,cache_read,direct,claude_code,enterprise,246062086,3942,5260,0.16020346994863727,0.25057034220532315,mr-1673c6225a055ecb5323ee5746cd0e43
2025-02-01,synthetic-g2,2,cache_read,direct,claude_code,mid_market_api,2998035,48,69,0.1601048686889913,0.30434782608695654,mr-1673c6225a055ecb5323ee5746cd0e43
2025-02-01,synthetic-g2,2,cache_write,aws_marketplace,api,marketplace,2270697,303,630,1.3343920390963655,0.519047619047619,mr-1673c6225a055ecb5323ee5746cd0e43
2025-02-01,synthetic-g2,2,cache_write,direct,agent_platform,startup_api,300196,40,83,1.332462790976562,0.5180722891566265,mr-1673c6225a055ecb5323ee5746cd0e43
2025-02-01,synthetic-g2,2,cache_write,direct,api,enterprise,361976787,48324,70988,1.3350027332001264,0.31926522792584666,mr-1673c6225a055ecb5323ee5746cd0e43
2025-02-01,synthetic-g2,2,cache_write,direct,api,mid_market_api,25583113,3415,7297,1.33486491655648,0.531999451829519,mr-1673c6225a055ecb5323ee5746cd0e43
2025-02-01,synthetic-g2,2,cache_write,direct,api,startup_api,154395,21,46,1.3601476731759448,0.5434782608695652,mr-1673c6225a055ecb5323ee5746cd0e43
2025-02-01,synthetic-g2,2,cache_write,direct,claude_code,enterprise,61513576,8212,16438,1.3349898565480895,0.5004258425599222,mr-1673c6225a055ecb5323ee5746cd0e43
2025-02-01,synthetic-g2,2,cache_write,direct,claude_code,mid_market_api,750568,100,215,1.3323243197152024,0.5348837209302326,mr-1673c6225a055ecb5323ee5746cd0e43
2025-02-01,synthetic-g2,2,input,aws_marketplace,api,marketplace,22721460,2427,5042,1.0681531908600943,0.518643395477985,mr-1673c6225a055ecb5323ee5746cd0e43
2025-02-01,synthetic-g2,2,input,direct,agent_platform,startup_api,2999230,320,664,1.0669405147321145,0.5180722891566265,mr-1673c6225a055ecb5323ee5746cd0e43
2025-02-01,synthetic-g2,2,input,direct,api,enterprise,3619904523,386606,567924,1.0680005440574434,0.3192645494819729,mr-1673c6225a055ecb5323ee5746cd0e43
2025-02-01,synthetic-g2,2,input,direct,api,mid_market_api,255784326,27318,58363,1.068009147675452,0.5319294758665594,mr-1673c6225a055ecb5323ee5746cd0e43
2025-02-01,synthetic-g2,2,input,direct,api,startup_api,1543618,165,369,1.068917309852567,0.5528455284552846,mr-1673c6225a055ecb5323ee5746cd0e43
2025-02-01,synthetic-g2,2,input,direct,claude_code,enterprise,615123172,65695,131497,1.0679974839250568,0.5004068533882902,mr-1673c6225a055ecb5323ee5746cd0e43
2025-02-01,synthetic-g2,2,input,direct,claude_code,mid_market_api,7499512,801,1721,1.068069495721855,0.5345729227193492,mr-1673c6225a055ecb5323ee5746cd0e43
2025-02-01,synthetic-g2,2,output,aws_marketplace,api,marketplace,11361110,4853,10085,4.27158965981317,0.5187902825979177,mr-1673c6225a055ecb5323ee5746cd0e43
2025-02-01,synthetic-g2,2,output,direct,agent_platform,startup_api,1497823,640,1326,4.272868022456592,0.5173453996983408,mr-1673c6225a055ecb5323ee5746cd0e43
2025-02-01,synthetic-g2,2,output,direct,api,enterprise,1809971749,773220,1135861,4.272000380266709,0.3192652974263577,mr-1673c6225a055ecb5323ee5746cd0e43
2025-02-01,synthetic-g2,2,output,direct,api,mid_market_api,127894003,54636,116728,4.271975129279517,0.5319374957165376,mr-1673c6225a055ecb5323ee5746cd0e43
2025-02-01,synthetic-g2,2,output,direct,api,startup_api,773285,330,739,4.2675080985665055,0.5534506089309879,mr-1673c6225a055ecb5323ee5746cd0e43
2025-02-01,synthetic-g2,2,output,direct,claude_code,enterprise,307566917,131393,262998,4.272013429844927,0.5004030448900751,mr-1673c6225a055ecb5323ee5746cd0e43
2025-02-01,synthetic-g2,2,output,direct,claude_code,mid_market_api,3747816,1601,3440,4.271821242024688,0.5345930232558139,mr-1673c6225a055ecb5323ee5746cd0e43
2025-03-01,synthetic-g2,2,cache_read,aws_marketplace,api,marketplace,25731126,412,571,0.16011736136226606,0.27845884413309985,mr-1673c6225a055ecb5323ee5746cd0e43
2025-03-01,synthetic-g2,2,cache_read,aws_marketplace,claude_code,marketplace,3938827,63,89,0.1599460956269468,0.2921348314606742,mr-1673c6225a055ecb5323ee5746cd0e43
2025-03-01,synthetic-g2,2,cache_read,azure_marketplace,api,marketplace,553568,9,12,0.16258165211861958,0.25,mr-1673c6225a055ecb5323ee5746cd0e43
2025-03-01,synthetic-g2,2,cache_read,direct,agent_platform,startup_api,3019338,48,67,0.15897524556707462,0.28358208955223885,mr-1673c6225a055ecb5323ee5746cd0e43
2025-03-01,synthetic-g2,2,cache_read,direct,api,enterprise,1149416535,18414,18046,0.16020301987390498,-0.020392330710406803,mr-1673c6225a055ecb5323ee5746cd0e43
2025-03-01,synthetic-g2,2,cache_read,direct,api,mid_market_api,81034081,1298,1861,0.1601795175538549,0.30252552391187537,mr-1673c6225a055ecb5323ee5746cd0e43
2025-03-01,synthetic-g2,2,cache_read,direct,api,startup_api,551299,9,13,0.16325079494067649,0.3076923076923077,mr-1673c6225a055ecb5323ee5746cd0e43
2025-03-01,synthetic-g2,2,cache_read,direct,claude_code,enterprise,943550773,15116,20171,0.16020335558561405,0.25060730752069804,mr-1673c6225a055ecb5323ee5746cd0e43
2025-03-01,synthetic-g2,2,cache_read,direct,claude_code,mid_market_api,1201658,19,28,0.15811487128617294,0.3214285714285714,mr-1673c6225a055ecb5323ee5746cd0e43
2025-03-01,synthetic-g2,2,cache_write,aws_marketplace,api,marketplace,6435049,859,1785,1.3348771703214692,0.518767507002801,mr-1673c6225a055ecb5323ee5746cd0e43
2025-03-01,synthetic-g2,2,cache_write,aws_marketplace,claude_code,marketplace,984959,131,281,1.3300045991762093,0.5338078291814947,mr-1673c6225a055ecb5323ee5746cd0e43
2025-03-01,synthetic-g2,2,cache_write,azure_marketplace,api,marketplace,137993,18,38,1.3044139920140876,0.5263157894736843,mr-1673c6225a055ecb5323ee5746cd0e43
2025-03-01,synthetic-g2,2,cache_write,direct,agent_platform,startup_api,753884,101,209,1.339728658520409,0.5167464114832536,mr-1673c6225a055ecb5323ee5746cd0e43
2025-03-01,synthetic-g2,2,cache_write,direct,api,enterprise,287316488,38357,56388,1.3350086612502376,0.3197666170107115,mr-1673c6225a055ecb5323ee5746cd0e43
2025-03-01,synthetic-g2,2,cache_write,direct,api,mid_market_api,20259745,2705,5819,1.3351599440170643,0.5351434954459529,mr-1673c6225a055ecb5323ee5746cd0e43
2025-03-01,synthetic-g2,2,cache_write,direct,api,startup_api,137346,18,41,1.310558734873968,0.5609756097560976,mr-1673c6225a055ecb5323ee5746cd0e43
2025-03-01,synthetic-g2,2,cache_write,direct,claude_code,enterprise,235884123,31491,63032,1.3350199072109656,0.5003966239370479,mr-1673c6225a055ecb5323ee5746cd0e43
2025-03-01,synthetic-g2,2,cache_write,direct,claude_code,mid_market_api,301068,40,86,1.3286035048560458,0.5348837209302326,mr-1673c6225a055ecb5323ee5746cd0e43
2025-03-01,synthetic-g2,2,input,aws_marketplace,api,marketplace,64342525,6872,14279,1.0680339324575776,0.5187338048882975,mr-1673c6225a055ecb5323ee5746cd0e43
2025-03-01,synthetic-g2,2,input,aws_marketplace,claude_code,marketplace,9845868,1052,2244,1.0684685189766916,0.5311942959001783,mr-1673c6225a055ecb5323ee5746cd0e43
2025-03-01,synthetic-g2,2,input,azure_marketplace,api,marketplace,1383239,148,300,1.0699524810969037,0.5066666666666666,mr-1673c6225a055ecb5323ee5746cd0e43
2025-03-01,synthetic-g2,2,input,direct,agent_platform,startup_api,7548551,806,1671,1.0677545929013397,0.5176540993417116,mr-1673c6225a055ecb5323ee5746cd0e43
2025-03-01,synthetic-g2,2,input,direct,api,enterprise,2873469845,306887,451147,1.0680014635754773,0.3197627380875856,mr-1673c6225a055ecb5323ee5746cd0e43
2025-03-01,synthetic-g2,2,input,direct,api,mid_market_api,202589617,21636,46548,1.0679718102236206,0.5351894818252128,mr-1673c6225a055ecb5323ee5746cd0e43
2025-03-01,synthetic-g2,2,input,direct,api,startup_api,1377978,147,329,1.0667804565820354,0.5531914893617021,mr-1673c6225a055ecb5323ee5746cd0e43
2025-03-01,synthetic-g2,2,input,direct,claude_code,enterprise,2358862446,251926,504263,1.0679978411933224,0.5004075254381146,mr-1673c6225a055ecb5323ee5746cd0e43
2025-03-01,synthetic-g2,2,input,direct,claude_code,mid_market_api,3006487,321,690,1.067691295521983,0.5347826086956522,mr-1673c6225a055ecb5323ee5746cd0e43
2025-03-01,synthetic-g2,2,output,aws_marketplace,api,marketplace,32166723,13742,28555,4.272116870593252,0.5187532831378042,mr-1673c6225a055ecb5323ee5746cd0e43
2025-03-01,synthetic-g2,2,output,aws_marketplace,claude_code,marketplace,4923810,2103,4487,4.271082759082906,0.5313126810786717,mr-1673c6225a055ecb5323ee5746cd0e43
2025-03-01,synthetic-g2,2,output,azure_marketplace,api,marketplace,691297,295,601,4.26734095475606,0.5091514143094842,mr-1673c6225a055ecb5323ee5746cd0e43
2025-03-01,synthetic-g2,2,output,direct,agent_platform,startup_api,3772206,1611,3341,4.270710560345856,0.5178090392098174,mr-1673c6225a055ecb5323ee5746cd0e43
2025-03-01,synthetic-g2,2,output,direct,api,enterprise,1436738594,613775,902296,4.272001897653485,0.3197631375956449,mr-1673c6225a055ecb5323ee5746cd0e43
2025-03-01,synthetic-g2,2,output,direct,api,mid_market_api,101306490,43278,93107,4.271986918113538,0.5351799542461899,mr-1673c6225a055ecb5323ee5746cd0e43
2025-03-01,synthetic-g2,2,output,direct,api,startup_api,688435,294,658,4.270555680637969,0.5531914893617021,mr-1673c6225a055ecb5323ee5746cd0e43
2025-03-01,synthetic-g2,2,output,direct,claude_code,enterprise,1179445476,503859,1008538,4.2719990898502544,0.500406529054929,mr-1673c6225a055ecb5323ee5746cd0e43
2025-03-01,synthetic-g2,2,output,direct,claude_code,mid_market_api,1502045,642,1380,4.27417287764348,0.5347826086956522,mr-1673c6225a055ecb5323ee5746cd0e43
2025-04-01,synthetic-g2,2,cache_read,aws_marketplace,api,marketplace,16310429,261,362,0.16002031583595994,0.27900552486187846,mr-1673c6225a055ecb5323ee5746cd0e43
2025-04-01,synthetic-g2,2,cache_read,azure_marketplace,api,marketplace,469545,7,11,0.14908049281751481,0.36363636363636365,mr-1673c6225a055ecb5323ee5746cd0e43
2025-04-01,synthetic-g2,2,cache_read,direct,agent_platform,startup_api,1805921,29,40,0.16058288263993828,0.275,mr-1673c6225a055ecb5323ee5746cd0e43
2025-04-01,synthetic-g2,2,cache_read,direct,api,enterprise,1055880500,16915,16364,0.1601980527152457,-0.033671473967245236,mr-1673c6225a055ecb5323ee5746cd0e43
2025-04-01,synthetic-g2,2,cache_read,direct,api,mid_market_api,171771415,2752,3939,0.16021292017650318,0.30134551916730135,mr-1673c6225a055ecb5323ee5746cd0e43
2025-04-01,synthetic-g2,2,cache_write,aws_marketplace,api,marketplace,4079319,545,1131,1.336007309063106,0.5181255526083113,mr-1673c6225a055ecb5323ee5746cd0e43
2025-04-01,synthetic-g2,2,cache_write,azure_marketplace,api,marketplace,117674,16,32,1.3596886313034315,0.5,mr-1673c6225a055ecb5323ee5746cd0e43
2025-04-01,synthetic-g2,2,cache_write,direct,agent_platform,startup_api,452978,60,125,1.324567639046488,0.52,mr-1673c6225a055ecb5323ee5746cd0e43
2025-04-01,synthetic-g2,2,cache_write,direct,api,enterprise,263959415,35239,51136,1.3350158394615323,0.31087687734668334,mr-1673c6225a055ecb5323ee5746cd0e43
2025-04-01,synthetic-g2,2,cache_write,direct,api,mid_market_api,42939116,5733,12308,1.3351462568535413,0.5342053948651284,mr-1673c6225a055ecb5323ee5746cd0e43
2025-04-01,synthetic-g2,2,input,aws_marketplace,api,marketplace,40792331,4357,9052,1.068092921681774,0.5186699072028281,mr-1673c6225a055ecb5323ee5746cd0e43
2025-04-01,synthetic-g2,2,input,azure_marketplace,api,marketplace,1175363,125,256,1.06350123323603,0.51171875,mr-1673c6225a055ecb5323ee5746cd0e43
2025-04-01,synthetic-g2,2,input,direct,agent_platform,startup_api,4522419,483,1002,1.0680124950828307,0.5179640718562875,mr-1673c6225a055ecb5323ee5746cd0e43
2025-04-01,synthetic-g2,2,input,direct,api,enterprise,2639681265,281918,409098,1.0680001549353724,0.31087905587414266,mr-1673c6225a055ecb5323ee5746cd0e43
2025-04-01,synthetic-g2,2,input,direct,api,mid_market_api,429430883,45863,98476,1.0679949164252354,0.5342723100044682,mr-1673c6225a055ecb5323ee5746cd0e43
2025-04-01,synthetic-g2,2,output,aws_marketplace,api,marketplace,20395705,8713,18105,4.271977850238567,0.5187517260425296,mr-1673c6225a055ecb5323ee5746cd0e43
2025-04-01,synthetic-g2,2,output,azure_marketplace,api,marketplace,588231,251,512,4.26703114932739,0.509765625,mr-1673c6225a055ecb5323ee5746cd0e43
2025-04-01,synthetic-g2,2,output,direct,agent_platform,startup_api,2262708,967,2005,4.273640257602837,0.5177057356608479,mr-1673c6225a055ecb5323ee5746cd0e43
2025-04-01,synthetic-g2,2,output,direct,api,enterprise,1319806915,563821,818175,4.271996104824167,0.31087970177529256,mr-1673c6225a055ecb5323ee5746cd0e43
2025-04-01,synthetic-g2,2,output,direct,api,mid_market_api,214719328,91728,196958,4.271995486125962,0.5342763431797641,mr-1673c6225a055ecb5323ee5746cd0e43
2025-04-01,synthetic-g3,3,cache_read,aws_marketplace,claude_code,marketplace,2284390,29,43,0.1269485508166294,0.32558139534883723,mr-1673c6225a055ecb5323ee5746cd0e43
2025-04-01,synthetic-g3,3,cache_read,direct,api,enterprise,336581279,4314,4588,0.12817112148415125,0.05972101133391461,mr-1673c6225a055ecb5323ee5746cd0e43
2025-04-01,synthetic-g3,3,cache_read,direct,api,startup_api,1829962,24,36,0.13115026432242854,0.33333333333333337,mr-1673c6225a055ecb5323ee5746cd0e43
2025-04-01,synthetic-g3,3,cache_read,direct,claude_code,enterprise,1567958568,20095,27485,0.12816027419418394,0.2688739312352192,mr-1673c6225a055ecb5323ee5746cd0e43
2025-04-01,synthetic-g3,3,cache_read,direct,claude_code,mid_market_api,849355,11,16,0.12951003997150778,0.3125,mr-1673c6225a055ecb5323ee5746cd0e43
2025-04-01,synthetic-g3,3,cache_write,aws_marketplace,claude_code,marketplace,570496,61,133,1.0692450078528157,0.5413533834586466,mr-1673c6225a055ecb5323ee5746cd0e43
2025-04-01,synthetic-g3,3,cache_write,direct,api,enterprise,84142569,8986,14338,1.0679493277653551,0.37327381782675406,mr-1673c6225a055ecb5323ee5746cd0e43
2025-04-01,synthetic-g3,3,cache_write,direct,api,startup_api,457382,49,112,1.0713145685663188,0.5625,mr-1673c6225a055ecb5323ee5746cd0e43
2025-04-01,synthetic-g3,3,cache_write,direct,claude_code,enterprise,392005394,41866,85896,1.0679955082454808,0.5125966284809538,mr-1673c6225a055ecb5323ee5746cd0e43
2025-04-01,synthetic-g3,3,cache_write,direct,claude_code,mid_market_api,212521,23,50,1.082245989808066,0.54,mr-1673c6225a055ecb5323ee5746cd0e43
2025-04-01,synthetic-g3,3,input,aws_marketplace,claude_code,marketplace,5704989,487,1066,0.853638806314964,0.5431519699812383,mr-1673c6225a055ecb5323ee5746cd0e43
2025-04-01,synthetic-g3,3,input,direct,api,enterprise,841541009,71901,114713,0.8543968651681002,0.37320966237479625,mr-1673c6225a055ecb5323ee5746cd0e43
2025-04-01,synthetic-g3,3,input,direct,api,startup_api,4570747,391,895,0.8554400407635776,0.5631284916201118,mr-1673c6225a055ecb5323ee5746cd0e43
2025-04-01,synthetic-g3,3,input,direct,claude_code,enterprise,3919920017,334918,687141,0.8544000860923688,0.512592029874509,mr-1673c6225a055ecb5323ee5746cd0e43
2025-04-01,synthetic-g3,3,input,direct,claude_code,mid_market_api,2121919,181,399,0.8530014576428224,0.5463659147869675,mr-1673c6225a055ecb5323ee5746cd0e43
2025-04-01,synthetic-g3,3,output,aws_marketplace,claude_code,marketplace,2856848,976,2136,3.416352567584975,0.5430711610486891,mr-1673c6225a055ecb5323ee5746cd0e43
2025-04-01,synthetic-g3,3,output,direct,api,enterprise,420818314,143819,229453,3.417603160683734,0.3732093282720208,mr-1673c6225a055ecb5323ee5746cd0e43
2025-04-01,synthetic-g3,3,output,direct,api,startup_api,2283819,781,1790,3.419710581267605,0.5636871508379888,mr-1673c6225a055ecb5323ee5746cd0e43
2025-04-01,synthetic-g3,3,output,direct,claude_code,enterprise,1959940180,669829,1374269,3.417599204481843,0.5125925128195425,mr-1673c6225a055ecb5323ee5746cd0e43
2025-04-01,synthetic-g3,3,output,direct,claude_code,mid_market_api,1059796,362,798,3.415751710706589,0.5463659147869675,mr-1673c6225a055ecb5323ee5746cd0e43
2025-05-01,synthetic-g3,3,cache_read,aws_marketplace,api,marketplace,13062142,167,238,0.12785039390936034,0.2983193277310925,mr-1673c6225a055ecb5323ee5746cd0e43
2025-05-01,synthetic-g3,3,cache_read,aws_marketplace,claude_code,marketplace,4672552,60,88,0.12840948586553985,0.31818181818181823,mr-1673c6225a055ecb5323ee5746cd0e43
2025-05-01,synthetic-g3,3,cache_read,azure_marketplace,api,marketplace,764355,10,13,0.1308292612725762,0.23076923076923073,mr-1673c6225a055ecb5323ee5746cd0e43
2025-05-01,synthetic-g3,3,cache_read,direct,agent_platform,startup_api,980504,13,18,0.13258487471749222,0.2777777777777778,mr-1673c6225a055ecb5323ee5746cd0e43
2025-05-01,synthetic-g3,3,cache_read,direct,api,enterprise,2366737664,30333,30251,0.12816376086538672,-0.002710654193249784,mr-1673c6225a055ecb5323ee5746cd0e43
2025-05-01,synthetic-g3,3,cache_read,direct,api,mid_market_api,55653023,713,1052,0.12811523284188894,0.3222433460076045,mr-1673c6225a055ecb5323ee5746cd0e43
2025-05-01,synthetic-g3,3,cache_read,direct,api,startup_api,567316,7,11,0.1233880236058916,0.36363636363636365,mr-1673c6225a055ecb5323ee5746cd0e43
2025-05-01,synthetic-g3,3,cache_read,direct,claude_code,enterprise,2328953855,29848,40825,0.12816054700233637,0.2688793631353338,mr-1673c6225a055ecb5323ee5746cd0e43
2025-05-01,synthetic-g3,3,cache_read,direct,claude_code,mid_market_api,769669,10,14,0.1299259811685283,0.2857142857142857,mr-1673c6225a055ecb5323ee5746cd0e43
2025-05-01,synthetic-g3,3,cache_write,aws_marketplace,api,marketplace,3268720,349,743,1.0676962235982281,0.5302826379542396,mr-1673c6225a055ecb5323ee5746cd0e43
2025-05-01,synthetic-g3,3,cache_write,aws_marketplace,claude_code,marketplace,1167555,125,273,1.070613375815272,0.5421245421245422,mr-1673c6225a055ecb5323ee5746cd0e43
2025-05-01,synthetic-g3,3,cache_write,azure_marketplace,api,marketplace,191684,20,43,1.0433839026731495,0.5348837209302326,mr-1673c6225a055ecb5323ee5746cd0e43
2025-05-01,synthetic-g3,3,cache_write,direct,agent_platform,startup_api,244322,26,55,1.0641694157709907,0.5272727272727273,mr-1673c6225a055ecb5323ee5746cd0e43
2025-05-01,synthetic-g3,3,cache_write,direct,api,enterprise,591662102,63190,94530,1.0680082396083568,0.3315349624457844,mr-1673c6225a055ecb5323ee5746cd0e43
2025-05-01,synthetic-g3,3,cache_write,direct,api,mid_market_api,13925606,1487,3290,1.0678170845850443,0.5480243161094225,mr-1673c6225a055ecb5323ee5746cd0e43
2025-05-01,synthetic-g3,3,cache_write,direct,api,startup_api,142341,15,35,1.0538074061584506,0.5714285714285714,mr-1673c6225a055ecb5323ee5746cd0e43
2025-05-01,synthetic-g3,3,cache_write,direct,claude_code,enterprise,582230730,62182,127577,1.0679958441904982,0.5125923951809496,mr-1673c6225a055ecb5323ee5746cd0e43
2025-05-01,synthetic-g3,3,cache_write,direct,claude_code,mid_market_api,193380,21,45,1.085944771951598,0.5333333333333333,mr-1673c6225a055ecb5323ee5746cd0e43
2025-05-01,synthetic-g3,3,input,aws_marketplace,api,marketplace,32658227,2790,5943,0.8543023477667664,0.530540131246845,mr-1673c6225a055ecb5323ee5746cd0e43
2025-05-01,synthetic-g3,3,input,aws_marketplace,claude_code,marketplace,11682514,998,2183,0.8542681823449987,0.5428309665597801,mr-1673c6225a055ecb5323ee5746cd0e43
2025-05-01,synthetic-g3,3,input,azure_marketplace,api,marketplace,1909601,163,340,0.8535814549741019,0.5205882352941176,mr-1673c6225a055ecb5323ee5746cd0e43
2025-05-01,synthetic-g3,3,input,direct,agent_platform,startup_api,2454240,210,446,0.8556620379424995,0.5291479820627802,mr-1673c6225a055ecb5323ee5746cd0e43
2025-05-01,synthetic-g3,3,input,direct,api,enterprise,5916842140,505535,756269,0.8544000127743817,0.33154076128996424,mr-1673c6225a055ecb5323ee5746cd0e43
2025-05-01,synthetic-g3,3,input,direct,api,mid_market_api,139094240,11884,26290,0.8543847681974466,0.5479650057055915,mr-1673c6225a055ecb5323ee5746cd0e43
2025-05-01,synthetic-g3,3,input,direct,api,startup_api,1420599,121,278,0.8517533800882585,0.564748201438849,mr-1673c6225a055ecb5323ee5746cd0e43
2025-05-01,synthetic-g3,3,input,direct,claude_code,enterprise,5822452761,497470,1020645,0.8543993750059383,0.5125925272744196,mr-1673c6225a055ecb5323ee5746cd0e43
2025-05-01,synthetic-g3,3,input,direct,claude_code,mid_market_api,1925396,164,363,0.8517728301087153,0.5482093663911846,mr-1673c6225a055ecb5323ee5746cd0e43
2025-05-01,synthetic-g3,3,output,aws_marketplace,api,marketplace,16332856,5582,11889,3.417650899512002,0.5304903692488856,mr-1673c6225a055ecb5323ee5746cd0e43
2025-05-01,synthetic-g3,3,output,aws_marketplace,claude_code,marketplace,5837061,1995,4362,3.4178159179765295,0.5426409903713894,mr-1673c6225a055ecb5323ee5746cd0e43
2025-05-01,synthetic-g3,3,output,azure_marketplace,api,marketplace,953885,326,681,3.417602750855711,0.5212922173274597,mr-1673c6225a055ecb5323ee5746cd0e43
2025-05-01,synthetic-g3,3,output,direct,agent_platform,startup_api,1223856,418,890,3.4154344955615694,0.5303370786516854,mr-1673c6225a055ecb5323ee5746cd0e43
2025-05-01,synthetic-g3,3,output,direct,api,enterprise,2958391668,1011060,1512524,3.417600214793466,0.33154118546218114,mr-1673c6225a055ecb5323ee5746cd0e43
2025-05-01,synthetic-g3,3,output,direct,api,mid_market_api,69542695,23767,52574,3.4176127341628044,0.5479324380872674,mr-1673c6225a055ecb5323ee5746cd0e43
2025-05-01,synthetic-g3,3,output,direct,api,startup_api,709602,243,557,3.424454835245673,0.5637342908438061,mr-1673c6225a055ecb5323ee5746cd0e43
2025-05-01,synthetic-g3,3,output,direct,claude_code,enterprise,2911188087,994928,2041264,3.4176012345024414,0.5125921977754959,mr-1673c6225a055ecb5323ee5746cd0e43
2025-05-01,synthetic-g3,3,output,direct,claude_code,mid_market_api,963062,329,726,3.416187119832368,0.5468319559228649,mr-1673c6225a055ecb5323ee5746cd0e43
2025-06-01,synthetic-g3,3,cache_read,aws_marketplace,api,marketplace,10622209,136,193,0.12803363217575553,0.2953367875647669,mr-1673c6225a055ecb5323ee5746cd0e43
2025-06-01,synthetic-g3,3,cache_read,aws_marketplace,claude_code,marketplace,3630275,47,68,0.12946677593295275,0.3088235294117647,mr-1673c6225a055ecb5323ee5746cd0e43
2025-06-01,synthetic-g3,3,cache_read,azure_marketplace,api,marketplace,334226,4,6,0.11967949830354312,0.33333333333333337,mr-1673c6225a055ecb5323ee5746cd0e43
2025-06-01,synthetic-g3,3,cache_read,direct,agent_platform,startup_api,1126828,14,20,0.12424256408253966,0.30000000000000004,mr-1673c6225a055ecb5323ee5746cd0e43
2025-06-01,synthetic-g3,3,cache_read,direct,api,enterprise,1914915064,24542,24678,0.12816234234815127,0.005510981440959517,mr-1673c6225a055ecb5323ee5746cd0e43
2025-06-01,synthetic-g3,3,cache_read,direct,api,mid_market_api,70867980,908,1338,0.1281255653117247,0.32137518684603883,mr-1673c6225a055ecb5323ee5746cd0e43
2025-06-01,synthetic-g3,3,cache_read,direct,api,startup_api,608996,8,12,0.13136375279968998,0.33333333333333337,mr-1673c6225a055ecb5323ee5746cd0e43
2025-06-01,synthetic-g3,3,cache_read,direct,claude_code,enterprise,2320009526,29733,40669,0.12815895653352588,0.2689026039489537,mr-1673c6225a055ecb5323ee5746cd0e43
2025-06-01,synthetic-g3,3,cache_read,direct,claude_code,mid_market_api,1688709,22,32,0.1302770341130414,0.3125,mr-1673c6225a055ecb5323ee5746cd0e43
2025-06-01,synthetic-g3,3,cache_read,direct,claude_code,startup_api,5956529,76,119,0.12759108534517333,0.3613445378151261,mr-1673c6225a055ecb5323ee5746cd0e43
2025-06-01,synthetic-g3,3,cache_write,aws_marketplace,api,marketplace,2657889,284,605,1.068517157789509,0.5305785123966942,mr-1673c6225a055ecb5323ee5746cd0e43
2025-06-01,synthetic-g3,3,cache_write,aws_marketplace,claude_code,marketplace,907526,97,212,1.0688399010055911,0.5424528301886793,mr-1673c6225a055ecb5323ee5746cd0e43
2025-06-01,synthetic-g3,3,cache_write,azure_marketplace,api,marketplace,83345,9,19,1.079848821165037,0.5263157894736843,mr-1673c6225a055ecb5323ee5746cd0e43
2025-06-01,synthetic-g3,3,cache_write,direct,agent_platform,startup_api,281554,30,64,1.0655149633818024,0.53125,mr-1673c6225a055ecb5323ee5746cd0e43
2025-06-01,synthetic-g3,3,cache_write,direct,api,enterprise,478683564,51123,77111,1.0679915469167853,0.3370206585312082,mr-1673c6225a055ecb5323ee5746cd0e43
2025-06-01,synthetic-g3,3,cache_write,direct,api,mid_market_api,17715846,1893,4179,1.0685349150133727,0.5470208183776023,mr-1673c6225a055ecb5323ee5746cd0e43
2025-06-01,synthetic-g3,3,cache_write,direct,api,startup_api,151659,16,37,1.0549983845337236,0.5675675675675675,mr-1673c6225a055ecb5323ee5746cd0e43
2025-06-01,synthetic-g3,3,cache_write,direct,claude_code,enterprise,580016638,61946,127092,1.0680038457793344,0.5125893053850754,mr-1673c6225a055ecb5323ee5746cd0e43
2025-06-01,synthetic-g3,3,cache_write,direct,claude_code,mid_market_api,421361,45,99,1.0679678470480183,0.5454545454545454,mr-1673c6225a055ecb5323ee5746cd0e43
2025-06-01,synthetic-g3,3,cache_write,direct,claude_code,startup_api,1488783,159,370,1.0679864023165229,0.5702702702702702,mr-1673c6225a055ecb5323ee5746cd0e43
2025-06-01,synthetic-g3,3,input,aws_marketplace,api,marketplace,26578524,2271,4836,0.854449253841184,0.5303970223325062,mr-1673c6225a055ecb5323ee5746cd0e43
2025-06-01,synthetic-g3,3,input,aws_marketplace,claude_code,marketplace,9080890,776,1697,0.8545417905073182,0.5427224513847967,mr-1673c6225a055ecb5323ee5746cd0e43
2025-06-01,synthetic-g3,3,input,azure_marketplace,api,marketplace,834050,71,149,0.8512679095977459,0.5234899328859061,mr-1673c6225a055ecb5323ee5746cd0e43
2025-06-01,synthetic-g3,3,input,direct,agent_platform,startup_api,2813398,240,511,0.8530609604471177,0.5303326810176126,mr-1673c6225a055ecb5323ee5746cd0e43
2025-06-01,synthetic-g3,3,input,direct,api,enterprise,4787282513,409025,616950,0.8543991270397792,0.337020828268093,mr-1673c6225a055ecb5323ee5746cd0e43
2025-06-01,synthetic-g3,3,input,direct,api,mid_market_api,177174065,15138,33436,0.8544139911222334,0.547254456274674,mr-1673c6225a055ecb5323ee5746cd0e43
2025-06-01,synthetic-g3,3,input,direct,api,startup_api,1521254,130,298,0.8545581474231128,0.563758389261745,mr-1673c6225a055ecb5323ee5746cd0e43
2025-06-01,synthetic-g3,3,input,direct,claude_code,enterprise,5800178349,495567,1016740,0.8543995894289008,0.512592206463796,mr-1673c6225a055ecb5323ee5746cd0e43
2025-06-01,synthetic-g3,3,input,direct,claude_code,mid_market_api,4217305,360,794,0.8536257159489294,0.5465994962216625,mr-1673c6225a055ecb5323ee5746cd0e43
2025-06-01,synthetic-g3,3,input,direct,claude_code,startup_api,14883348,1272,2962,0.8546464142342166,0.5705604321404456,mr-1673c6225a055ecb5323ee5746cd0e43
2025-06-01,synthetic-g3,3,output,aws_marketplace,api,marketplace,13280877,4539,9667,3.417695984986534,0.5304644667425261,mr-1673c6225a055ecb5323ee5746cd0e43
2025-06-01,synthetic-g3,3,output,aws_marketplace,claude_code,marketplace,4537440,1551,3392,3.418227017877922,0.5427476415094339,mr-1673c6225a055ecb5323ee5746cd0e43
2025-06-01,synthetic-g3,3,output,azure_marketplace,api,marketplace,416728,142,297,3.4074984162331305,0.5218855218855218,mr-1673c6225a055ecb5323ee5746cd0e43
2025-06-01,synthetic-g3,3,output,direct,agent_platform,startup_api,1408618,481,1024,3.4146944025988595,0.5302734375,mr-1673c6225a055ecb5323ee5746cd0e43
2025-06-01,synthetic-g3,3,output,direct,api,enterprise,2393569429,818026,1233862,3.4175987965461267,0.3370198612162463,mr-1673c6225a055ecb5323ee5746cd0e43
2025-06-01,synthetic-g3,3,output,direct,api,mid_market_api,88595035,30279,66879,3.4176858782210537,0.5472569864980039,mr-1673c6225a055ecb5323ee5746cd0e43
2025-06-01,synthetic-g3,3,output,direct,api,startup_api,759484,260,595,3.4233769243328367,0.5630252100840336,mr-1673c6225a055ecb5323ee5746cd0e43
2025-06-01,synthetic-g3,3,output,direct,claude_code,enterprise,2900041703,991118,2033447,3.4175991296081025,0.5125921649297965,mr-1673c6225a055ecb5323ee5746cd0e43
2025-06-01,synthetic-g3,3,output,direct,claude_code,mid_market_api,2107650,720,1587,3.4161269660522384,0.5463137996219282,mr-1673c6225a055ecb5323ee5746cd0e43
2025-06-01,synthetic-g3,3,output,direct,claude_code,startup_api,7440698,2543,5923,3.417690114556457,0.5706567617761269,mr-1673c6225a055ecb5323ee5746cd0e43
2025-07-01,synthetic-g3,3,cache_read,aws_marketplace,api,marketplace,22956551,294,417,0.12806801857996875,0.29496402877697847,mr-1673c6225a055ecb5323ee5746cd0e43
2025-07-01,synthetic-g3,3,cache_read,aws_marketplace,claude_code,marketplace,2984181,38,56,0.12733812057646637,0.3214285714285714,mr-1673c6225a055ecb5323ee5746cd0e43
2025-07-01,synthetic-g3,3,cache_read,azure_marketplace,api,marketplace,580055,7,11,0.12067821154890485,0.36363636363636365,mr-1673c6225a055ecb5323ee5746cd0e43
2025-07-01,synthetic-g3,3,cache_read,direct,agent_platform,startup_api,679018,9,12,0.13254435081249688,0.25,mr-1673c6225a055ecb5323ee5746cd0e43
2025-07-01,synthetic-g3,3,cache_read,direct,api,enterprise,1562480924,20024,20313,0.12815516460026874,0.014227342096194584,mr-1673c6225a055ecb5323ee5746cd0e43
2025-07-01,synthetic-g3,3,cache_read,direct,api,mid_market_api,49791537,638,931,0.12813422489850032,0.3147153598281418,mr-1673c6225a055ecb5323ee5746cd0e43
2025-07-01,synthetic-g3,3,cache_read,direct,api,startup_api,10501694,135,210,0.12855068906026018,0.3571428571428571,mr-1673c6225a055ecb5323ee5746cd0e43
2025-07-01,synthetic-g3,3,cache_read,direct,claude_code,enterprise,1114020697,14277,19528,0.1281574035244338,0.2688959442851291,mr-1673c6225a055ecb5323ee5746cd0e43
2025-07-01,synthetic-g3,3,cache_read,direct,claude_code,mid_market_api,856674,11,16,0.12840357008617048,0.3125,mr-1673c6225a055ecb5323ee5746cd0e43
2025-07-01,synthetic-g3,3,cache_read,direct,claude_code,startup_api,40878289,524,769,0.1281854042374425,0.3185955786736021,mr-1673c6225a055ecb5323ee5746cd0e43
2025-07-01,synthetic-g3,3,cache_write,aws_marketplace,api,marketplace,5740781,613,1306,1.0677989632421094,0.5306278713629402,mr-1673c6225a055ecb5323ee5746cd0e43
2025-07-01,synthetic-g3,3,cache_write,aws_marketplace,claude_code,marketplace,746510,80,174,1.0716534272816172,0.5402298850574713,mr-1673c6225a055ecb5323ee5746cd0e43
2025-07-01,synthetic-g3,3,cache_write,azure_marketplace,api,marketplace,145051,16,32,1.1030603029279358,0.5,mr-1673c6225a055ecb5323ee5746cd0e43
2025-07-01,synthetic-g3,3,cache_write,direct,agent_platform,startup_api,169861,18,39,1.0596899818086554,0.5384615384615384,mr-1673c6225a055ecb5323ee5746cd0e43
2025-07-01,synthetic-g3,3,cache_write,direct,api,enterprise,390661251,41723,63482,1.0680096859670374,0.34275857723449166,mr-1673c6225a055ecb5323ee5746cd0e43
2025-07-01,synthetic-g3,3,cache_write,direct,api,mid_market_api,12449200,1329,2912,1.0675384763679594,0.5436126373626373,mr-1673c6225a055ecb5323ee5746cd0e43
2025-07-01,synthetic-g3,3,cache_write,direct,api,startup_api,2624193,280,655,1.0669946913203412,0.5725190839694656,mr-1673c6225a055ecb5323ee5746cd0e43
2025-07-01,synthetic-g3,3,cache_write,direct,claude_code,enterprise,278494548,29743,61023,1.0679921820228955,0.5125936122445636,mr-1673c6225a055ecb5323ee5746cd0e43
2025-07-01,synthetic-g3,3,cache_write,direct,claude_code,mid_market_api,213950,23,50,1.075017527459687,0.54,mr-1673c6225a055ecb5323ee5746cd0e43
2025-07-01,synthetic-g3,3,cache_write,direct,claude_code,startup_api,10222250,1091,2405,1.067279708479053,0.5463617463617463,mr-1673c6225a055ecb5323ee5746cd0e43
2025-07-01,synthetic-g3,3,input,aws_marketplace,api,marketplace,57417102,4906,10448,0.854449254509571,0.5304364471669218,mr-1673c6225a055ecb5323ee5746cd0e43
2025-07-01,synthetic-g3,3,input,aws_marketplace,claude_code,marketplace,7459343,637,1394,0.8539626076988281,0.543041606886657,mr-1673c6225a055ecb5323ee5746cd0e43
2025-07-01,synthetic-g3,3,input,azure_marketplace,api,marketplace,1450757,124,259,0.8547261877764505,0.5212355212355213,mr-1673c6225a055ecb5323ee5746cd0e43
2025-07-01,synthetic-g3,3,input,direct,agent_platform,startup_api,1699908,145,309,0.8529873381382993,0.5307443365695793,mr-1673c6225a055ecb5323ee5746cd0e43
2025-07-01,synthetic-g3,3,input,direct,api,enterprise,3906289982,333754,507812,0.8544014948657747,0.34276070671823433,mr-1673c6225a055ecb5323ee5746cd0e43
2025-07-01,synthetic-g3,3,input,direct,api,mid_market_api,124450813,10634,23284,0.8544741286663993,0.5432915306648343,mr-1673c6225a055ecb5323ee5746cd0e43
2025-07-01,synthetic-g3,3,input,direct,api,startup_api,26270297,2245,5243,0.8545773197767806,0.5718100324241846,mr-1673c6225a055ecb5323ee5746cd0e43
2025-07-01,synthetic-g3,3,input,direct,claude_code,enterprise,2785221714,237969,488235,0.8543987676235674,0.5125933208393498,mr-1673c6225a055ecb5323ee5746cd0e43
2025-07-01,synthetic-g3,3,input,direct,claude_code,mid_market_api,2138922,183,402,0.8555711708982375,0.5447761194029851,mr-1673c6225a055ecb5323ee5746cd0e43
2025-07-01,synthetic-g3,3,input,direct,claude_code,startup_api,102204171,8733,19233,0.8544661058891618,0.5459366713461238,mr-1673c6225a055ecb5323ee5746cd0e43
2025-07-01,synthetic-g3,3,output,aws_marketplace,api,marketplace,28704986,9810,20895,3.4175247463977163,0.5305096913137114,mr-1673c6225a055ecb5323ee5746cd0e43
2025-07-01,synthetic-g3,3,output,aws_marketplace,claude_code,marketplace,3726108,1273,2786,3.4164334474470412,0.5430725053840632,mr-1673c6225a055ecb5323ee5746cd0e43
2025-07-01,synthetic-g3,3,output,azure_marketplace,api,marketplace,724609,248,518,3.4225354639536634,0.5212355212355213,mr-1673c6225a055ecb5323ee5746cd0e43
2025-07-01,synthetic-g3,3,output,direct,agent_platform,startup_api,849119,290,618,3.4153045686175907,0.5307443365695793,mr-1673c6225a055ecb5323ee5746cd0e43
2025-07-01,synthetic-g3,3,output,direct,api,enterprise,1953120998,667498,1015614,3.417596762737789,0.34276408162943794,mr-1673c6225a055ecb5323ee5746cd0e43
2025-07-01,synthetic-g3,3,output,direct,api,mid_market_api,62232858,21269,46573,3.417647956968327,0.5433190904601378,mr-1673c6225a055ecb5323ee5746cd0e43
2025-07-01,synthetic-g3,3,output,direct,api,startup_api,13136420,4489,10487,3.417217171801754,0.5719462191284448,mr-1673c6225a055ecb5323ee5746cd0e43
2025-07-01,synthetic-g3,3,output,direct,claude_code,enterprise,1392605085,475937,976465,3.4176020547849717,0.5125918491702212,mr-1673c6225a055ecb5323ee5746cd0e43
2025-07-01,synthetic-g3,3,output,direct,claude_code,mid_market_api,1069927,366,805,3.420794128945246,0.5453416149068323,mr-1673c6225a055ecb5323ee5746cd0e43
2025-07-01,synthetic-g3,3,output,direct,claude_code,startup_api,51097929,17464,38464,3.417751040360168,0.545965058236273,mr-1673c6225a055ecb5323ee5746cd0e43
2025-08-01,synthetic-g3,3,cache_read,aws_marketplace,api,marketplace,9381074,120,171,0.12791712334856328,0.29824561403508776,mr-1673c6225a055ecb5323ee5746cd0e43
2025-08-01,synthetic-g3,3,cache_read,aws_marketplace,claude_code,marketplace,1795405,23,34,0.12810480086665682,0.32352941176470584,mr-1673c6225a055ecb5323ee5746cd0e43
2025-08-01,synthetic-g3,3,cache_read,azure_marketplace,api,marketplace,842971,11,15,0.13049084725334562,0.2666666666666667,mr-1673c6225a055ecb5323ee5746cd0e43
2025-08-01,synthetic-g3,3,cache_read,direct,agent_platform,startup_api,385868,5,7,0.12957799040086246,0.2857142857142857,mr-1673c6225a055ecb5323ee5746cd0e43
2025-08-01,synthetic-g3,3,cache_read,direct,api,enterprise,1675471969,21473,21756,0.12816090270263422,0.013007905865048741,mr-1673c6225a055ecb5323ee5746cd0e43
2025-08-01,synthetic-g3,3,cache_read,direct,api,mid_market_api,40513504,519,754,0.12810543368453145,0.31167108753315653,mr-1673c6225a055ecb5323ee5746cd0e43
2025-08-01,synthetic-g3,3,cache_read,direct,api,startup_api,9785916,126,196,0.12875647001261814,0.3571428571428571,mr-1673c6225a055ecb5323ee5746cd0e43
2025-08-01,synthetic-g3,3,cache_read,direct,claude_code,enterprise,1201850344,15403,21068,0.1281607154908798,0.2688912094171255,mr-1673c6225a055ecb5323ee5746cd0e43
2025-08-01,synthetic-g3,3,cache_read,direct,claude_code,mid_market_api,1701148,22,32,0.12932443267722737,0.3125,mr-1673c6225a055ecb5323ee5746cd0e43
2025-08-01,synthetic-g3,3,cache_read,direct,claude_code,startup_api,30790891,394,577,0.12795992165345263,0.317157712305026,mr-1673c6225a055ecb5323ee5746cd0e43
2025-08-01,synthetic-g3,3,cache_write,aws_marketplace,api,marketplace,2346887,251,534,1.0695018550104884,0.5299625468164795,mr-1673c6225a055ecb5323ee5746cd0e43
2025-08-01,synthetic-g3,3,cache_write,aws_marketplace,claude_code,marketplace,449510,48,105,1.0678294142510734,0.5428571428571429,mr-1673c6225a055ecb5323ee5746cd0e43
2025-08-01,synthetic-g3,3,cache_write,azure_marketplace,api,marketplace,211180,23,48,1.0891182877166399,0.5208333333333333,mr-1673c6225a055ecb5323ee5746cd0e43
2025-08-01,synthetic-g3,3,cache_write,direct,agent_platform,startup_api,96452,10,22,1.036785136648281,0.5454545454545454,mr-1673c6225a055ecb5323ee5746cd0e43
2025-08-01,synthetic-g3,3,cache_write,direct,api,enterprise,418860066,44734,67989,1.067993910882877,0.3420406242186236,mr-1673c6225a055ecb5323ee5746cd0e43
2025-08-01,synthetic-g3,3,cache_write,direct,api,mid_market_api,10127963,1082,2354,1.068329337301094,0.54035683942226,mr-1673c6225a055ecb5323ee5746cd0e43
2025-08-01,synthetic-g3,3,cache_write,direct,api,startup_api,2445883,261,611,1.067099284798169,0.5728314238952537,mr-1673c6225a055ecb5323ee5746cd0e43
2025-08-01,synthetic-g3,3,cache_write,direct,claude_code,enterprise,300455302,32089,65835,1.0680124393344872,0.51258449153186,mr-1673c6225a055ecb5323ee5746cd0e43
2025-08-01,synthetic-g3,3,cache_write,direct,claude_code,mid_market_api,424696,45,100,1.059581441784241,0.55,mr-1673c6225a055ecb5323ee5746cd0e43
2025-08-01,synthetic-g3,3,cache_write,direct,claude_code,startup_api,7693543,821,1802,1.0671286298133382,0.544395116537181,mr-1673c6225a055ecb5323ee5746cd0e43
2025-08-01,synthetic-g3,3,input,aws_marketplace,api,marketplace,23448492,2003,4267,0.8542127144039796,0.5305835481603,mr-1673c6225a055ecb5323ee5746cd0e43
2025-08-01,synthetic-g3,3,input,aws_marketplace,claude_code,marketplace,4489799,384,838,0.8552721402450311,0.5417661097852029,mr-1673c6225a055ecb5323ee5746cd0e43
2025-08-01,synthetic-g3,3,input,azure_marketplace,api,marketplace,2107740,180,376,0.8539952745594808,0.5212765957446808,mr-1673c6225a055ecb5323ee5746cd0e43
2025-08-01,synthetic-g3,3,input,direct,agent_platform,startup_api,965405,82,175,0.8493844552286346,0.5314285714285714,mr-1673c6225a055ecb5323ee5746cd0e43
2025-08-01,synthetic-g3,3,input,direct,api,enterprise,4188776605,357889,543934,0.8543998254115536,0.34203598230667687,mr-1673c6225a055ecb5323ee5746cd0e43
2025-08-01,synthetic-g3,3,input,direct,api,mid_market_api,101267770,8652,18835,0.8543685715603296,0.5406424210246881,mr-1673c6225a055ecb5323ee5746cd0e43
2025-08-01,synthetic-g3,3,input,direct,api,startup_api,24452297,2089,4890,0.8543164676921763,0.57280163599182,mr-1673c6225a055ecb5323ee5746cd0e43
2025-08-01,synthetic-g3,3,input,direct,claude_code,enterprise,3004536191,256707,526679,0.8543980956826491,0.5125930595296186,mr-1673c6225a055ecb5323ee5746cd0e43
2025-08-01,synthetic-g3,3,input,direct,claude_code,mid_market_api,4250335,363,800,0.8540503277976912,0.54625,mr-1673c6225a055ecb5323ee5746cd0e43
2025-08-01,synthetic-g3,3,input,direct,claude_code,startup_api,76990624,6578,14422,0.8543897501077534,0.5438912772153655,mr-1673c6225a055ecb5323ee5746cd0e43
2025-08-01,synthetic-g3,3,output,aws_marketplace,api,marketplace,11726299,4008,8535,3.4179582151197065,0.5304042179261863,mr-1673c6225a055ecb5323ee5746cd0e43
2025-08-01,synthetic-g3,3,output,aws_marketplace,claude_code,marketplace,2245845,768,1678,3.4196482838308078,0.5423122765196663,mr-1673c6225a055ecb5323ee5746cd0e43
2025-08-01,synthetic-g3,3,output,azure_marketplace,api,marketplace,1054283,360,752,3.4146429374276166,0.5212765957446808,mr-1673c6225a055ecb5323ee5746cd0e43
2025-08-01,synthetic-g3,3,output,direct,agent_platform,startup_api,483099,165,352,3.41544900734632,0.53125,mr-1673c6225a055ecb5323ee5746cd0e43
2025-08-01,synthetic-g3,3,output,direct,api,enterprise,2094354763,715767,1087851,3.417601509759118,0.3420358118896798,mr-1673c6225a055ecb5323ee5746cd0e43
2025-08-01,synthetic-g3,3,output,direct,api,mid_market_api,50641135,17307,37675,3.4175774298897528,0.5406237558062376,mr-1673c6225a055ecb5323ee5746cd0e43
2025-08-01,synthetic-g3,3,output,direct,api,startup_api,12223950,4178,9778,3.4178804723514085,0.5727142564941705,mr-1673c6225a055ecb5323ee5746cd0e43
2025-08-01,synthetic-g3,3,output,direct,claude_code,enterprise,1502353104,513444,1053418,3.4175986899015984,0.5125923422610967,mr-1673c6225a055ecb5323ee5746cd0e43
2025-08-01,synthetic-g3,3,output,direct,claude_code,mid_market_api,2124596,726,1598,3.4171202430956287,0.5456821026282854,mr-1673c6225a055ecb5323ee5746cd0e43
2025-08-01,synthetic-g3,3,output,direct,claude_code,startup_api,38498204,13158,28846,3.417821776828862,0.5438535672190252,mr-1673c6225a055ecb5323ee5746cd0e43
2025-09-01,synthetic-g3,3,cache_read,aws_marketplace,api,marketplace,24834023,318,451,0.12805013509087915,0.29490022172949004,mr-1673c6225a055ecb5323ee5746cd0e43
2025-09-01,synthetic-g3,3,cache_read,aws_marketplace,claude_code,marketplace,2409708,31,45,0.12864629241385264,0.3111111111111111,mr-1673c6225a055ecb5323ee5746cd0e43
2025-09-01,synthetic-g3,3,cache_read,azure_marketplace,api,marketplace,720539,9,13,0.12490649361103286,0.3076923076923077,mr-1673c6225a055ecb5323ee5746cd0e43
2025-09-01,synthetic-g3,3,cache_read,direct,agent_platform,startup_api,471907,6,9,0.1271436956858025,0.33333333333333337,mr-1673c6225a055ecb5323ee5746cd0e43
2025-09-01,synthetic-g3,3,cache_read,direct,api,enterprise,1902500738,24383,24609,0.12816289377965015,0.00918363200455119,mr-1673c6225a055ecb5323ee5746cd0e43
2025-09-01,synthetic-g3,3,cache_read,direct,api,mid_market_api,38801074,497,722,0.1280892379422281,0.31163434903047094,mr-1673c6225a055ecb5323ee5746cd0e43
2025-09-01,synthetic-g3,3,cache_read,direct,api,startup_api,12197130,157,244,0.1287188051615421,0.35655737704918034,mr-1673c6225a055ecb5323ee5746cd0e43
2025-09-01,synthetic-g3,3,cache_read,direct,claude_code,enterprise,802399003,10284,14066,0.12816566273824245,0.26887530214702116,mr-1673c6225a055ecb5323ee5746cd0e43
2025-09-01,synthetic-g3,3,cache_read,direct,claude_code,mid_market_api,828219,11,16,0.13281511291095713,0.3125,mr-1673c6225a055ecb5323ee5746cd0e43
2025-09-01,synthetic-g3,3,cache_read,direct,claude_code,startup_api,26377512,338,499,0.12813945454749484,0.3226452905811623,mr-1673c6225a055ecb5323ee5746cd0e43
2025-09-01,synthetic-g3,3,cache_write,aws_marketplace,api,marketplace,6210236,663,1413,1.0675922782966702,0.5307855626326964,mr-1673c6225a055ecb5323ee5746cd0e43
2025-09-01,synthetic-g3,3,cache_write,aws_marketplace,claude_code,marketplace,602428,64,140,1.0623676190349718,0.5428571428571429,mr-1673c6225a055ecb5323ee5746cd0e43
2025-09-01,synthetic-g3,3,cache_write,azure_marketplace,api,marketplace,179934,19,40,1.0559427345582268,0.525,mr-1673c6225a055ecb5323ee5746cd0e43
2025-09-01,synthetic-g3,3,cache_write,direct,agent_platform,startup_api,118481,13,27,1.0972223394468312,0.5185185185185186,mr-1673c6225a055ecb5323ee5746cd0e43
2025-09-01,synthetic-g3,3,cache_write,direct,api,enterprise,475636416,50798,76908,1.068000646947941,0.33949654132209917,mr-1673c6225a055ecb5323ee5746cd0e43
2025-09-01,synthetic-g3,3,cache_write,direct,api,mid_market_api,9700153,1036,2258,1.068024390955483,0.5411868910540301,mr-1673c6225a055ecb5323ee5746cd0e43
2025-09-01,synthetic-g3,3,cache_write,direct,api,startup_api,3053830,326,763,1.06751194401784,0.5727391874180865,mr-1673c6225a055ecb5323ee5746cd0e43
2025-09-01,synthetic-g3,3,cache_write,direct,claude_code,enterprise,200588406,21423,43953,1.0680078887510578,0.5125929970650467,mr-1673c6225a055ecb5323ee5746cd0e43
2025-09-01,synthetic-g3,3,cache_write,direct,claude_code,mid_market_api,207208,22,49,1.0617350681440871,0.5510204081632653,mr-1673c6225a055ecb5323ee5746cd0e43
2025-09-01,synthetic-g3,3,cache_write,direct,claude_code,startup_api,6597818,705,1561,1.0685350823560154,0.5483664317745035,mr-1673c6225a055ecb5323ee5746cd0e43
2025-09-01,synthetic-g3,3,input,aws_marketplace,api,marketplace,62082738,5304,11298,0.8543437629957622,0.5305363781200212,mr-1673c6225a055ecb5323ee5746cd0e43
2025-09-01,synthetic-g3,3,input,aws_marketplace,claude_code,marketplace,6025370,515,1126,0.854719295246599,0.5426287744227354,mr-1673c6225a055ecb5323ee5746cd0e43
2025-09-01,synthetic-g3,3,input,azure_marketplace,api,marketplace,1800423,154,321,0.8553545472369549,0.5202492211838006,mr-1673c6225a055ecb5323ee5746cd0e43
2025-09-01,synthetic-g3,3,input,direct,agent_platform,startup_api,1178300,101,214,0.8571671051514894,0.5280373831775701,mr-1673c6225a055ecb5323ee5746cd0e43
2025-09-01,synthetic-g3,3,input,direct,api,enterprise,4756133465,406364,615227,0.85439990906563,0.33948932670380205,mr-1673c6225a055ecb5323ee5746cd0e43
2025-09-01,synthetic-g3,3,input,direct,api,mid_market_api,96985811,8286,18061,0.8543517772924536,0.5412214163113892,mr-1673c6225a055ecb5323ee5746cd0e43
2025-09-01,synthetic-g3,3,input,direct,api,startup_api,30505845,2606,6104,0.8542625191991895,0.5730668414154653,mr-1673c6225a055ecb5323ee5746cd0e43
2025-09-01,synthetic-g3,3,input,direct,claude_code,enterprise,2005897856,171384,351623,0.8544004346350924,0.5125916109014484,mr-1673c6225a055ecb5323ee5746cd0e43
2025-09-01,synthetic-g3,3,input,direct,claude_code,mid_market_api,2072021,177,390,0.8542384464250121,0.5461538461538462,mr-1673c6225a055ecb5323ee5746cd0e43
2025-09-01,synthetic-g3,3,input,direct,claude_code,startup_api,65939321,5634,12478,0.8544219010080495,0.5484853341881712,mr-1673c6225a055ecb5323ee5746cd0e43
2025-09-01,synthetic-g3,3,output,aws_marketplace,api,marketplace,31046524,10610,22598,3.4174518216596486,0.5304894238428179,mr-1673c6225a055ecb5323ee5746cd0e43
2025-09-01,synthetic-g3,3,output,aws_marketplace,claude_code,marketplace,3010714,1029,2250,3.4177939186518547,0.5426666666666666,mr-1673c6225a055ecb5323ee5746cd0e43
2025-09-01,synthetic-g3,3,output,azure_marketplace,api,marketplace,899640,307,642,3.4124761015517318,0.5218068535825545,mr-1673c6225a055ecb5323ee5746cd0e43
2025-09-01,synthetic-g3,3,output,direct,agent_platform,startup_api,589450,201,428,3.4099584358300112,0.530373831775701,mr-1673c6225a055ecb5323ee5746cd0e43
2025-09-01,synthetic-g3,3,output,direct,api,enterprise,2378052509,812724,1230446,3.417603256968284,0.33948828311035184,mr-1673c6225a055ecb5323ee5746cd0e43
2025-09-01,synthetic-g3,3,output,direct,api,mid_market_api,48501674,16576,36129,3.4176139982302467,0.5411995903567771,mr-1673c6225a055ecb5323ee5746cd0e43
2025-09-01,synthetic-g3,3,output,direct,api,startup_api,15239842,5208,12197,3.4173582639505056,0.5730097564974994,mr-1673c6225a055ecb5323ee5746cd0e43
2025-09-01,synthetic-g3,3,output,direct,claude_code,enterprise,1002966450,342774,703258,3.4176018549773026,0.5125913960452636,mr-1673c6225a055ecb5323ee5746cd0e43
2025-09-01,synthetic-g3,3,output,direct,claude_code,mid_market_api,1034437,353,779,3.412484278887936,0.5468549422336328,mr-1673c6225a055ecb5323ee5746cd0e43
2025-09-01,synthetic-g3,3,output,direct,claude_code,startup_api,32967238,11267,24952,3.4176354112528324,0.5484530298172492,mr-1673c6225a055ecb5323ee5746cd0e43
2025-10-01,synthetic-g3,3,cache_read,aws_marketplace,api,marketplace,10037270,129,183,0.12852100222470852,0.29508196721311475,mr-1673c6225a055ecb5323ee5746cd0e43
2025-10-01,synthetic-g3,3,cache_read,azure_marketplace,api,marketplace,1151034,15,21,0.13031761007928525,0.2857142857142857,mr-1673c6225a055ecb5323ee5746cd0e43
2025-10-01,synthetic-g3,3,cache_read,direct,agent_platform,startup_api,871106,11,16,0.12627625111065702,0.3125,mr-1673c6225a055ecb5323ee5746cd0e43
2025-10-01,synthetic-g3,3,cache_read,direct,api,enterprise,701652722,8992,8917,0.1281545658993396,-0.008410900527083154,mr-1673c6225a055ecb5323ee5746cd0e43
2025-10-01,synthetic-g3,3,cache_read,direct,api,mid_market_api,39546954,507,738,0.12820203548419937,0.3130081300813008,mr-1673c6225a055ecb5323ee5746cd0e43
2025-10-01,synthetic-g3,3,cache_read,direct,api,startup_api,8186422,105,164,0.128261162202486,0.3597560975609756,mr-1673c6225a055ecb5323ee5746cd0e43
2025-10-01,synthetic-g3,3,cache_read,direct,claude_code,startup_api,24185566,309,463,0.12776215367463387,0.33261339092872566,mr-1673c6225a055ecb5323ee5746cd0e43
2025-10-01,synthetic-g3,3,cache_write,aws_marketplace,api,marketplace,2509718,268,571,1.0678490571450656,0.5306479859894921,mr-1673c6225a055ecb5323ee5746cd0e43
2025-10-01,synthetic-g3,3,cache_write,azure_marketplace,api,marketplace,288131,31,64,1.075899504045035,0.515625,mr-1673c6225a055ecb5323ee5746cd0e43
2025-10-01,synthetic-g3,3,cache_write,direct,agent_platform,startup_api,217039,23,49,1.059717377982759,0.5306122448979591,mr-1673c6225a055ecb5323ee5746cd0e43
2025-10-01,synthetic-g3,3,cache_write,direct,api,enterprise,175405457,18733,27864,1.0679827367058483,0.32769882285386165,mr-1673c6225a055ecb5323ee5746cd0e43
2025-10-01,synthetic-g3,3,cache_write,direct,api,mid_market_api,9886822,1056,2306,1.068088411018222,0.5420641803989592,mr-1673c6225a055ecb5323ee5746cd0e43
2025-10-01,synthetic-g3,3,cache_write,direct,api,startup_api,2046255,219,513,1.0702478430107685,0.5730994152046784,mr-1673c6225a055ecb5323ee5746cd0e43
2025-10-01,synthetic-g3,3,cache_write,direct,claude_code,startup_api,6046155,645,1446,1.066793689543189,0.553941908713693,mr-1673c6225a055ecb5323ee5746cd0e43
2025-10-01,synthetic-g3,3,input,aws_marketplace,api,marketplace,25102991,2145,4568,0.8544798506281582,0.5304290718038529,mr-1673c6225a055ecb5323ee5746cd0e43
2025-10-01,synthetic-g3,3,input,azure_marketplace,api,marketplace,2879598,246,514,0.8542859107417077,0.5214007782101167,mr-1673c6225a055ecb5323ee5746cd0e43
2025-10-01,synthetic-g3,3,input,direct,agent_platform,startup_api,2176212,186,395,0.8546961417361911,0.5291139240506328,mr-1673c6225a055ecb5323ee5746cd0e43
2025-10-01,synthetic-g3,3,input,direct,api,enterprise,1754118470,149872,222920,0.8544006722647416,0.32768706262336267,mr-1673c6225a055ecb5323ee5746cd0e43
2025-10-01,synthetic-g3,3,input,direct,api,mid_market_api,98881865,8448,18452,0.8543528178802048,0.5421634511164102,mr-1673c6225a055ecb5323ee5746cd0e43
2025-10-01,synthetic-g3,3,input,direct,api,startup_api,20462468,1748,4106,0.8542469070690789,0.5742815392109109,mr-1673c6225a055ecb5323ee5746cd0e43
2025-10-01,synthetic-g3,3,input,direct,claude_code,startup_api,60442778,5165,11566,0.8545272356608097,0.5534324744942072,mr-1673c6225a055ecb5323ee5746cd0e43
2025-10-01,synthetic-g3,3,output,aws_marketplace,api,marketplace,12556110,4291,9139,3.417459706867812,0.5304737936316883,mr-1673c6225a055ecb5323ee5746cd0e43
2025-10-01,synthetic-g3,3,output,azure_marketplace,api,marketplace,1437436,491,1025,3.4158042514588476,0.5209756097560976,mr-1673c6225a055ecb5323ee5746cd0e43
2025-10-01,synthetic-g3,3,output,direct,agent_platform,startup_api,1087220,372,790,3.421570611283825,0.5291139240506328,mr-1673c6225a055ecb5323ee5746cd0e43
2025-10-01,synthetic-g3,3,output,direct,api,enterprise,877041928,299738,445831,3.4176017181244727,0.32768694864197423,mr-1673c6225a055ecb5323ee5746cd0e43
2025-10-01,synthetic-g3,3,output,direct,api,mid_market_api,49429847,16893,36895,3.41757076448163,0.5421330803631929,mr-1673c6225a055ecb5323ee5746cd0e43
2025-10-01,synthetic-g3,3,output,direct,api,startup_api,10240314,3500,8219,3.4178639444063923,0.5741574400778684,mr-1673c6225a055ecb5323ee5746cd0e43
2025-10-01,synthetic-g3,3,output,direct,claude_code,startup_api,30217147,10327,23129,3.4175959762184034,0.5535042587228155,mr-1673c6225a055ecb5323ee5746cd0e43
2025-10-01,synthetic-g4,4,cache_read,aws_marketplace,claude_code,marketplace,1733371,18,26,0.10384389723838694,0.3076923076923077,mr-1673c6225a055ecb5323ee5746cd0e43
2025-10-01,synthetic-g4,4,cache_read,direct,api,enterprise,903985778,9268,10124,0.10252373682808094,0.08455156064796521,mr-1673c6225a055ecb5323ee5746cd0e43
2025-10-01,synthetic-g4,4,cache_read,direct,api,startup_api,1049070,11,17,0.10485477613505295,0.3529411764705882,mr-1673c6225a055ecb5323ee5746cd0e43
2025-10-01,synthetic-g4,4,cache_read,direct,claude_code,enterprise,452611761,4640,6506,0.10251611645593098,0.2868121733784199,mr-1673c6225a055ecb5323ee5746cd0e43
2025-10-01,synthetic-g4,4,cache_read,direct,claude_code,mid_market_api,1255448,13,19,0.10354869337479529,0.3157894736842105,mr-1673c6225a055ecb5323ee5746cd0e43
2025-10-01,synthetic-g4,4,cache_write,aws_marketplace,claude_code,marketplace,432459,37,83,0.8555724357684775,0.5542168674698795,mr-1673c6225a055ecb5323ee5746cd0e43
2025-10-01,synthetic-g4,4,cache_write,direct,api,enterprise,225985126,19308,31638,0.8543925143108755,0.38972122131613884,mr-1673c6225a055ecb5323ee5746cd0e43
2025-10-01,synthetic-g4,4,cache_write,direct,api,startup_api,262599,22,53,0.8377792756255736,0.5849056603773585,mr-1673c6225a055ecb5323ee5746cd0e43
2025-10-01,synthetic-g4,4,cache_write,direct,claude_code,enterprise,113130091,9666,20327,0.8544145871852963,0.52447483642446,mr-1673c6225a055ecb5323ee5746cd0e43
2025-10-01,synthetic-g4,4,cache_write,direct,claude_code,mid_market_api,314109,27,61,0.8595742242342627,0.5573770491803278,mr-1673c6225a055ecb5323ee5746cd0e43
2025-10-01,synthetic-g4,4,input,aws_marketplace,claude_code,marketplace,4327256,296,663,0.6840362576191471,0.5535444947209653,mr-1673c6225a055ecb5323ee5746cd0e43
2025-10-01,synthetic-g4,4,input,direct,api,enterprise,2259929031,154471,253109,0.683521464086188,0.38970562089850613,mr-1673c6225a055ecb5323ee5746cd0e43
2025-10-01,synthetic-g4,4,input,direct,api,startup_api,2621038,179,421,0.6829355392787132,0.5748218527315915,mr-1673c6225a055ecb5323ee5746cd0e43
2025-10-01,synthetic-g4,4,input,direct,claude_code,enterprise,1131454927,77337,162637,0.6835181689919849,0.5244808991803833,mr-1673c6225a055ecb5323ee5746cd0e43
2025-10-01,synthetic-g4,4,input,direct,claude_code,mid_market_api,3144001,215,485,0.6838420216787463,0.5567010309278351,mr-1673c6225a055ecb5323ee5746cd0e43
2025-10-01,synthetic-g4,4,output,aws_marketplace,claude_code,marketplace,2161274,591,1325,2.7344982635241992,0.5539622641509434,mr-1673c6225a055ecb5323ee5746cd0e43
2025-10-01,synthetic-g4,4,output,direct,api,enterprise,1129922576,308930,506199,2.734081135838815,0.38970641980723,mr-1673c6225a055ecb5323ee5746cd0e43
2025-10-01,synthetic-g4,4,output,direct,api,startup_api,1312682,359,843,2.7348588614759706,0.5741399762752075,mr-1673c6225a055ecb5323ee5746cd0e43
2025-10-01,synthetic-g4,4,output,direct,claude_code,enterprise,565699036,154667,325258,2.734086327840233,0.5244790289554753,mr-1673c6225a055ecb5323ee5746cd0e43
2025-10-01,synthetic-g4,4,output,direct,claude_code,mid_market_api,1569491,429,969,2.733370245512717,0.5572755417956656,mr-1673c6225a055ecb5323ee5746cd0e43
2025-11-01,synthetic-g4,4,cache_read,aws_marketplace,api,marketplace,10417860,107,156,0.10270823374474221,0.3141025641025641,mr-1673c6225a055ecb5323ee5746cd0e43
2025-11-01,synthetic-g4,4,cache_read,aws_marketplace,claude_code,marketplace,2298491,24,36,0.10441633228061367,0.33333333333333337,mr-1673c6225a055ecb5323ee5746cd0e43
2025-11-01,synthetic-g4,4,cache_read,azure_marketplace,api,marketplace,498468,5,7,0.10030734169495334,0.2857142857142857,mr-1673c6225a055ecb5323ee5746cd0e43
2025-11-01,synthetic-g4,4,cache_read,direct,agent_platform,startup_api,544293,6,8,0.11023474488924163,0.25,mr-1673c6225a055ecb5323ee5746cd0e43
2025-11-01,synthetic-g4,4,cache_read,direct,api,enterprise,2149989851,22043,23050,0.1025260653660639,0.04368763557483735,mr-1673c6225a055ecb5323ee5746cd0e43
2025-11-01,synthetic-g4,4,cache_read,direct,api,mid_market_api,112244909,1151,1712,0.10254362627707239,0.3276869158878505,mr-1673c6225a055ecb5323ee5746cd0e43
2025-11-01,synthetic-g4,4,cache_read,direct,api,startup_api,8653679,89,142,0.10284643098039574,0.37323943661971826,mr-1673c6225a055ecb5323ee5746cd0e43
2025-11-01,synthetic-g4,4,cache_read,direct,claude_code,enterprise,2059206667,21113,29599,0.10252977682302736,0.286698874961992,mr-1673c6225a055ecb5323ee5746cd0e43
2025-11-01,synthetic-g4,4,cache_read,direct,claude_code,mid_market_api,693884,7,11,0.10088141533743392,0.36363636363636365,mr-1673c6225a055ecb5323ee5746cd0e43
2025-11-01,synthetic-g4,4,cache_read,direct,claude_code,startup_api,36206900,371,563,0.10246665690793744,0.34103019538188273,mr-1673c6225a055ecb5323ee5746cd0e43
2025-11-01,synthetic-g4,4,cache_write,aws_marketplace,api,marketplace,2604574,223,486,0.8561860787982987,0.5411522633744856,mr-1673c6225a055ecb5323ee5746cd0e43
2025-11-01,synthetic-g4,4,cache_write,aws_marketplace,claude_code,marketplace,573274,49,110,0.8547396184023696,0.5545454545454546,mr-1673c6225a055ecb5323ee5746cd0e43
2025-11-01,synthetic-g4,4,cache_write,azure_marketplace,api,marketplace,124573,11,23,0.8830163839676335,0.5217391304347826,mr-1673c6225a055ecb5323ee5746cd0e43
2025-11-01,synthetic-g4,4,cache_write,direct,agent_platform,startup_api,135896,12,25,0.8830281980337905,0.52,mr-1673c6225a055ecb5323ee5746cd0e43
2025-11-01,synthetic-g4,4,cache_write,direct,api,enterprise,537462956,45921,72024,0.8544030707113515,0.36242085971342886,mr-1673c6225a055ecb5323ee5746cd0e43
2025-11-01,synthetic-g4,4,cache_write,direct,api,mid_market_api,28069347,2398,5352,0.8543127134379008,0.5519431988041854,mr-1673c6225a055ecb5323ee5746cd0e43
2025-11-01,synthetic-g4,4,cache_write,direct,api,startup_api,2162424,185,444,0.8555213963589009,0.5833333333333333,mr-1673c6225a055ecb5323ee5746cd0e43
2025-11-01,synthetic-g4,4,cache_write,direct,claude_code,enterprise,514859869,43990,92509,0.854407240662216,0.524478699369791,mr-1673c6225a055ecb5323ee5746cd0e43
2025-11-01,synthetic-g4,4,cache_write,direct,claude_code,mid_market_api,173905,15,34,0.8625398924700267,0.5588235294117647,mr-1673c6225a055ecb5323ee5746cd0e43
2025-11-01,synthetic-g4,4,cache_write,direct,claude_code,startup_api,9051508,773,1761,0.8540013443063852,0.5610448608745031,mr-1673c6225a055ecb5323ee5746cd0e43
2025-11-01,synthetic-g4,4,input,aws_marketplace,api,marketplace,26032179,1779,3884,0.6833849751878243,0.541967044284243,mr-1673c6225a055ecb5323ee5746cd0e43
2025-11-01,synthetic-g4,4,input,aws_marketplace,claude_code,marketplace,5739859,392,879,0.6829436054091225,0.5540386803185438,mr-1673c6225a055ecb5323ee5746cd0e43
2025-11-01,synthetic-g4,4,input,azure_marketplace,api,marketplace,1245982,85,182,0.6821928406670401,0.532967032967033,mr-1673c6225a055ecb5323ee5746cd0e43
2025-11-01,synthetic-g4,4,input,direct,agent_platform,startup_api,1359417,93,202,0.6841167941845658,0.5396039603960396,mr-1673c6225a055ecb5323ee5746cd0e43
2025-11-01,synthetic-g4,4,input,direct,api,enterprise,5374835478,367381,576211,0.6835204565865225,0.36241932208860994,mr-1673c6225a055ecb5323ee5746cd0e43
2025-11-01,synthetic-g4,4,input,direct,api,mid_market_api,280617933,19180,42803,0.6834915999470355,0.5519005677172161,mr-1673c6225a055ecb5323ee5746cd0e43
2025-11-01,synthetic-g4,4,input,direct,api,startup_api,21632021,1479,3548,0.6837086557931873,0.5831454340473506,mr-1673c6225a055ecb5323ee5746cd0e43
2025-11-01,synthetic-g4,4,input,direct,claude_code,enterprise,5148208802,351890,740012,0.683519285121645,0.5244806840970146,mr-1673c6225a055ecb5323ee5746cd0e43
2025-11-01,synthetic-g4,4,input,direct,claude_code,mid_market_api,1736063,119,268,0.6854589954396816,0.5559701492537313,mr-1673c6225a055ecb5323ee5746cd0e43
2025-11-01,synthetic-g4,4,input,direct,claude_code,startup_api,90498372,6185,14089,0.6834377086915995,0.5610050393924337,mr-1673c6225a055ecb5323ee5746cd0e43
2025-11-01,synthetic-g4,4,output,aws_marketplace,api,marketplace,13022497,3560,7773,2.733730712320379,0.542004374115528,mr-1673c6225a055ecb5323ee5746cd0e43
2025-11-01,synthetic-g4,4,output,aws_marketplace,claude_code,marketplace,2868646,784,1758,2.732996682058365,0.5540386803185438,mr-1673c6225a055ecb5323ee5746cd0e43
2025-11-01,synthetic-g4,4,output,azure_marketplace,api,marketplace,621750,170,363,2.734217933252915,0.5316804407713498,mr-1673c6225a055ecb5323ee5746cd0e43
2025-11-01,synthetic-g4,4,output,direct,agent_platform,startup_api,680024,186,406,2.7351975812618377,0.541871921182266,mr-1673c6225a055ecb5323ee5746cd0e43
2025-11-01,synthetic-g4,4,output,direct,api,enterprise,2687442293,734768,1152432,2.7340791722815982,0.3624196481874853,mr-1673c6225a055ecb5323ee5746cd0e43
2025-11-01,synthetic-g4,4,output,direct,api,mid_market_api,140307428,38361,85604,2.734067650359894,0.5518784168964067,mr-1673c6225a055ecb5323ee5746cd0e43
2025-11-01,synthetic-g4,4,output,direct,api,startup_api,10815103,2957,7095,2.7341394714410026,0.5832276250880902,mr-1673c6225a055ecb5323ee5746cd0e43
2025-11-01,synthetic-g4,4,output,direct,claude_code,enterprise,2574101157,703780,1480022,2.7340805860956303,0.5244800415128965,mr-1673c6225a055ecb5323ee5746cd0e43
2025-11-01,synthetic-g4,4,output,direct,claude_code,mid_market_api,868346,237,535,2.7293267890909845,0.5570093457943925,mr-1673c6225a055ecb5323ee5746cd0e43
2025-11-01,synthetic-g4,4,output,direct,claude_code,startup_api,45244327,12370,28176,2.73404442506129,0.5609738784781374,mr-1673c6225a055ecb5323ee5746cd0e43
2025-12-01,synthetic-g4,4,cache_read,aws_marketplace,api,marketplace,11603670,119,173,0.10255376100837063,0.3121387283236994,mr-1673c6225a055ecb5323ee5746cd0e43
2025-12-01,synthetic-g4,4,cache_read,aws_marketplace,claude_code,marketplace,2570792,26,39,0.10113614792639777,0.33333333333333337,mr-1673c6225a055ecb5323ee5746cd0e43
2025-12-01,synthetic-g4,4,cache_read,azure_marketplace,api,marketplace,582747,6,8,0.1029606330019717,0.25,mr-1673c6225a055ecb5323ee5746cd0e43
2025-12-01,synthetic-g4,4,cache_read,direct,agent_platform,startup_api,249145,3,4,0.12041180838467559,0.25,mr-1673c6225a055ecb5323ee5746cd0e43
2025-12-01,synthetic-g4,4,cache_read,direct,api,enterprise,1830108131,18763,19539,0.10252399670913216,0.039715440913045685,mr-1673c6225a055ecb5323ee5746cd0e43
2025-12-01,synthetic-g4,4,cache_read,direct,api,mid_market_api,82555721,847,1259,0.10259737177996422,0.3272438443208896,mr-1673c6225a055ecb5323ee5746cd0e43
2025-12-01,synthetic-g4,4,cache_read,direct,api,startup_api,10150185,105,167,0.10344639038598803,0.37125748502994016,mr-1673c6225a055ecb5323ee5746cd0e43
2025-12-01,synthetic-g4,4,cache_read,direct,claude_code,enterprise,798068873,8182,11472,0.10252247991132966,0.2867852161785216,mr-1673c6225a055ecb5323ee5746cd0e43
2025-12-01,synthetic-g4,4,cache_read,direct,claude_code,mid_market_api,716606,7,11,0.09768268755773744,0.36363636363636365,mr-1673c6225a055ecb5323ee5746cd0e43
2025-12-01,synthetic-g4,4,cache_read,direct,claude_code,startup_api,28523402,292,448,0.10237208030094026,0.3482142857142857,mr-1673c6225a055ecb5323ee5746cd0e43
2025-12-01,synthetic-g4,4,cache_write,aws_marketplace,api,marketplace,2901067,248,541,0.8548578850471223,0.5415896487985212,mr-1673c6225a055ecb5323ee5746cd0e43
2025-12-01,synthetic-g4,4,cache_write,aws_marketplace,claude_code,marketplace,642513,55,123,0.856013808280922,0.5528455284552846,mr-1673c6225a055ecb5323ee5746cd0e43
2025-12-01,synthetic-g4,4,cache_write,azure_marketplace,api,marketplace,145549,12,27,0.8244646132917437,0.5555555555555556,mr-1673c6225a055ecb5323ee5746cd0e43
2025-12-01,synthetic-g4,4,cache_write,direct,agent_platform,startup_api,62745,5,12,0.796876245119133,0.5833333333333333,mr-1673c6225a055ecb5323ee5746cd0e43
2025-12-01,synthetic-g4,4,cache_write,direct,api,enterprise,457495845,39089,61056,0.8544121313276627,0.3597844601677149,mr-1673c6225a055ecb5323ee5746cd0e43
2025-12-01,synthetic-g4,4,cache_write,direct,api,mid_market_api,20633465,1763,3931,0.854437197048581,0.5515136097685067,mr-1673c6225a055ecb5323ee5746cd0e43
2025-12-01,synthetic-g4,4,cache_write,direct,api,startup_api,2537448,217,521,0.8551899388677128,0.5834932821497121,mr-1673c6225a055ecb5323ee5746cd0e43
2025-12-01,synthetic-g4,4,cache_write,direct,claude_code,enterprise,199532700,17048,35851,0.8543962969478186,0.524476304705587,mr-1673c6225a055ecb5323ee5746cd0e43
2025-12-01,synthetic-g4,4,cache_write,direct,claude_code,mid_market_api,179425,15,35,0.8360039013515397,0.5714285714285714,mr-1673c6225a055ecb5323ee5746cd0e43
2025-12-01,synthetic-g4,4,cache_write,direct,claude_code,startup_api,7128480,609,1400,0.8543195744394317,0.565,mr-1673c6225a055ecb5323ee5746cd0e43
2025-12-01,synthetic-g4,4,input,aws_marketplace,api,marketplace,29001370,1982,4327,0.6834159903480421,0.5419459209614051,mr-1673c6225a055ecb5323ee5746cd0e43
2025-12-01,synthetic-g4,4,input,aws_marketplace,claude_code,marketplace,6424358,439,985,0.683336762988613,0.5543147208121828,mr-1673c6225a055ecb5323ee5746cd0e43
2025-12-01,synthetic-g4,4,input,azure_marketplace,api,marketplace,1458555,100,214,0.6856100729831923,0.5327102803738317,mr-1673c6225a055ecb5323ee5746cd0e43
2025-12-01,synthetic-g4,4,input,direct,agent_platform,startup_api,626032,43,93,0.6868658471132466,0.5376344086021505,mr-1673c6225a055ecb5323ee5746cd0e43
2025-12-01,synthetic-g4,4,input,direct,api,enterprise,4575201808,312723,488477,0.6835173903218565,0.3597999496393893,mr-1673c6225a055ecb5323ee5746cd0e43
2025-12-01,synthetic-g4,4,input,direct,api,mid_market_api,206349960,14105,31456,0.683547503474195,0.5515958799593083,mr-1673c6225a055ecb5323ee5746cd0e43
2025-12-01,synthetic-g4,4,input,direct,api,startup_api,25376707,1735,4163,0.6836978493702907,0.5832332452558251,mr-1673c6225a055ecb5323ee5746cd0e43
2025-12-01,synthetic-g4,4,input,direct,claude_code,enterprise,1995296085,136383,286807,0.6835226161434582,0.5244781333788924,mr-1673c6225a055ecb5323ee5746cd0e43
2025-12-01,synthetic-g4,4,input,direct,claude_code,mid_market_api,1791276,122,276,0.68107873940141,0.5579710144927537,mr-1673c6225a055ecb5323ee5746cd0e43
2025-12-01,synthetic-g4,4,input,direct,claude_code,startup_api,71313291,4874,11205,0.6834630588006378,0.5650156180276662,mr-1673c6225a055ecb5323ee5746cd0e43
2025-12-01,synthetic-g4,4,output,aws_marketplace,api,marketplace,14502684,3965,8657,2.733976690107845,0.5419891417350121,mr-1673c6225a055ecb5323ee5746cd0e43
2025-12-01,synthetic-g4,4,output,aws_marketplace,claude_code,marketplace,3212516,878,1970,2.73306031783188,0.5543147208121828,mr-1673c6225a055ecb5323ee5746cd0e43
2025-12-01,synthetic-g4,4,output,azure_marketplace,api,marketplace,727741,199,426,2.734489330682207,0.5328638497652582,mr-1673c6225a055ecb5323ee5746cd0e43
2025-12-01,synthetic-g4,4,output,direct,agent_platform,startup_api,312960,86,187,2.747955010224949,0.5401069518716577,mr-1673c6225a055ecb5323ee5746cd0e43
2025-12-01,synthetic-g4,4,output,direct,api,enterprise,2287643616,625460,976974,2.73407971252809,0.3597987254522639,mr-1673c6225a055ecb5323ee5746cd0e43
2025-12-01,synthetic-g4,4,output,direct,api,mid_market_api,103183158,28211,62917,2.7340702249101545,0.5516156205794935,mr-1673c6225a055ecb5323ee5746cd0e43
2025-12-01,synthetic-g4,4,output,direct,api,startup_api,12686280,3469,8324,2.734450130377069,0.5832532436328688,mr-1673c6225a055ecb5323ee5746cd0e43
2025-12-01,synthetic-g4,4,output,direct,claude_code,enterprise,997602760,272753,573588,2.7340842561421943,0.5244792429409262,mr-1673c6225a055ecb5323ee5746cd0e43
2025-12-01,synthetic-g4,4,output,direct,claude_code,mid_market_api,896205,245,553,2.733749532751993,0.5569620253164558,mr-1673c6225a055ecb5323ee5746cd0e43
2025-12-01,synthetic-g4,4,output,direct,claude_code,startup_api,35644481,9746,22404,2.7342241285544318,0.564988394929477,mr-1673c6225a055ecb5323ee5746cd0e43
2026-01-01,synthetic-g4,4,cache_read,aws_marketplace,api,marketplace,16195403,166,241,0.10249822125451277,0.3112033195020747,mr-1673c6225a055ecb5323ee5746cd0e43
2026-01-01,synthetic-g4,4,cache_read,aws_marketplace,claude_code,marketplace,2357171,24,36,0.10181696618531282,0.33333333333333337,mr-1673c6225a055ecb5323ee5746cd0e43
2026-01-01,synthetic-g4,4,cache_read,azure_marketplace,api,marketplace,817084,8,12,0.09790915009962256,0.33333333333333337,mr-1673c6225a055ecb5323ee5746cd0e43
2026-01-01,synthetic-g4,4,cache_read,direct,agent_platform,startup_api,319204,3,5,0.09398378466435257,0.4,mr-1673c6225a055ecb5323ee5746cd0e43
2026-01-01,synthetic-g4,4,cache_read,direct,api,enterprise,942182448,9660,9993,0.1025279129377286,0.033323326328429936,mr-1673c6225a055ecb5323ee5746cd0e43
2026-01-01,synthetic-g4,4,cache_read,direct,api,mid_market_api,124201500,1274,1893,0.10257525070148106,0.3269941891178024,mr-1673c6225a055ecb5323ee5746cd0e43
2026-01-01,synthetic-g4,4,cache_read,direct,api,startup_api,8039061,83,132,0.10324588904102108,0.3712121212121212,mr-1673c6225a055ecb5323ee5746cd0e43
2026-01-01,synthetic-g4,4,cache_read,direct,claude_code,enterprise,1119510395,11478,16092,0.10252696224406206,0.28672632363907535,mr-1673c6225a055ecb5323ee5746cd0e43
2026-01-01,synthetic-g4,4,cache_read,direct,claude_code,mid_market_api,1625398,17,25,0.10458976816755035,0.31999999999999995,mr-1673c6225a055ecb5323ee5746cd0e43
2026-01-01,synthetic-g4,4,cache_read,direct,claude_code,startup_api,35175553,360,552,0.10234380679104035,0.34782608695652173,mr-1673c6225a055ecb5323ee5746cd0e43
2026-01-01,synthetic-g4,4,cache_read,gcp_marketplace,api,marketplace,6594921,68,92,0.10310965059323683,0.26086956521739135,mr-1673c6225a055ecb5323ee5746cd0e43
2026-01-01,synthetic-g4,4,cache_write,aws_marketplace,api,marketplace,4049641,346,756,0.8543967230675509,0.5423280423280423,mr-1673c6225a055ecb5323ee5746cd0e43
2026-01-01,synthetic-g4,4,cache_write,aws_marketplace,claude_code,marketplace,589097,50,113,0.8487566563740776,0.5575221238938053,mr-1673c6225a055ecb5323ee5746cd0e43
2026-01-01,synthetic-g4,4,cache_write,azure_marketplace,api,marketplace,204627,18,37,0.8796493131404947,0.5135135135135135,mr-1673c6225a055ecb5323ee5746cd0e43
2026-01-01,synthetic-g4,4,cache_write,direct,agent_platform,startup_api,78848,7,15,0.8877840909090909,0.5333333333333333,mr-1673c6225a055ecb5323ee5746cd0e43
2026-01-01,synthetic-g4,4,cache_write,direct,api,enterprise,235568803,20127,31231,0.8544000624734677,0.3555441708558804,mr-1673c6225a055ecb5323ee5746cd0e43
2026-01-01,synthetic-g4,4,cache_write,direct,api,mid_market_api,31048910,2653,5914,0.8544583368627111,0.551403449442002,mr-1673c6225a055ecb5323ee5746cd0e43
2026-01-01,synthetic-g4,4,cache_write,direct,api,startup_api,2012994,173,413,0.8594163718322062,0.5811138014527846,mr-1673c6225a055ecb5323ee5746cd0e43
2026-01-01,synthetic-g4,4,cache_write,direct,claude_code,enterprise,279906851,23915,50293,0.8543913775086556,0.5244865090569264,mr-1673c6225a055ecb5323ee5746cd0e43
2026-01-01,synthetic-g4,4,cache_write,direct,claude_code,mid_market_api,406869,35,78,0.8602277391494559,0.5512820512820513,mr-1673c6225a055ecb5323ee5746cd0e43
2026-01-01,synthetic-g4,4,cache_write,direct,claude_code,startup_api,8795510,751,1725,0.8538447457850653,0.5646376811594203,mr-1673c6225a055ecb5323ee5746cd0e43
2026-01-01,synthetic-g4,4,cache_write,gcp_marketplace,api,marketplace,1647541,141,288,0.8558208870067573,0.5104166666666667,mr-1673c6225a055ecb5323ee5746cd0e43
2026-01-01,synthetic-g4,4,input,aws_marketplace,api,marketplace,40485116,2767,6041,0.6834610526989722,0.5419632511173647,mr-1673c6225a055ecb5323ee5746cd0e43
2026-01-01,synthetic-g4,4,input,aws_marketplace,claude_code,marketplace,5896044,403,904,0.6835091461325594,0.5542035398230089,mr-1673c6225a055ecb5323ee5746cd0e43
2026-01-01,synthetic-g4,4,input,azure_marketplace,api,marketplace,2040770,140,299,0.686015572553497,0.5317725752508361,mr-1673c6225a055ecb5323ee5746cd0e43
2026-01-01,synthetic-g4,4,input,direct,agent_platform,startup_api,794486,54,118,0.6796847269807146,0.5423728813559322,mr-1673c6225a055ecb5323ee5746cd0e43
2026-01-01,synthetic-g4,4,input,direct,api,enterprise,2355478753,161002,249829,0.6835213427204283,0.3555511970187608,mr-1673c6225a055ecb5323ee5746cd0e43
2026-01-01,synthetic-g4,4,input,direct,api,mid_market_api,310489864,21223,47318,0.6835327803164615,0.551481465826958,mr-1673c6225a055ecb5323ee5746cd0e43
2026-01-01,synthetic-g4,4,input,direct,api,startup_api,20099032,1373,3299,0.6831174755082733,0.5838132767505304,mr-1673c6225a055ecb5323ee5746cd0e43
2026-01-01,synthetic-g4,4,input,direct,claude_code,enterprise,2798821969,191305,402307,0.6835197169341641,0.5244800612467593,mr-1673c6225a055ecb5323ee5746cd0e43
2026-01-01,synthetic-g4,4,input,direct,claude_code,mid_market_api,4063938,278,627,0.6840655541496942,0.5566188197767146,mr-1673c6225a055ecb5323ee5746cd0e43
2026-01-01,synthetic-g4,4,input,direct,claude_code,startup_api,87958278,6012,13805,0.6835058776389416,0.5645056139080044,mr-1673c6225a055ecb5323ee5746cd0e43
2026-01-01,synthetic-g4,4,input,gcp_marketplace,api,marketplace,16486561,1127,2309,0.6835870743449771,0.5119099177132957,mr-1673c6225a055ecb5323ee5746cd0e43
2026-01-01,synthetic-g4,4,output,aws_marketplace,api,marketplace,20243840,5535,12082,2.734165059593437,0.5418804833636814,mr-1673c6225a055ecb5323ee5746cd0e43
2026-01-01,synthetic-g4,4,output,aws_marketplace,claude_code,marketplace,2951468,807,1809,2.7342325920524972,0.5538971807628523,mr-1673c6225a055ecb5323ee5746cd0e43
2026-01-01,synthetic-g4,4,output,azure_marketplace,api,marketplace,1020904,279,597,2.7328720428169544,0.5326633165829145,mr-1673c6225a055ecb5323ee5746cd0e43
2026-01-01,synthetic-g4,4,output,direct,agent_platform,startup_api,396896,109,236,2.7463113762799325,0.538135593220339,mr-1673c6225a055ecb5323ee5746cd0e43
2026-01-01,synthetic-g4,4,output,direct,api,enterprise,1177735635,322002,499656,2.734077074945601,0.3555526202026995,mr-1673c6225a055ecb5323ee5746cd0e43
2026-01-01,synthetic-g4,4,output,direct,api,mid_market_api,155250497,42446,94640,2.734033115526838,0.5515004226542688,mr-1673c6225a055ecb5323ee5746cd0e43
2026-01-01,synthetic-g4,4,output,direct,api,startup_api,10049770,2747,6599,2.7333958886621286,0.5837248067889074,mr-1673c6225a055ecb5323ee5746cd0e43
2026-01-01,synthetic-g4,4,output,direct,claude_code,enterprise,1399422476,382613,804621,2.7340778539846746,0.5244804696869707,mr-1673c6225a055ecb5323ee5746cd0e43
2026-01-01,synthetic-g4,4,output,direct,claude_code,mid_market_api,2032428,556,1255,2.735644263905044,0.5569721115537849,mr-1673c6225a055ecb5323ee5746cd0e43
2026-01-01,synthetic-g4,4,output,direct,claude_code,startup_api,43965020,12020,27601,2.733991705223835,0.5645085322995544,mr-1673c6225a055ecb5323ee5746cd0e43
2026-01-01,synthetic-g4,4,output,gcp_marketplace,api,marketplace,8243206,2254,4618,2.7343730097246146,0.5119099177132957,mr-1673c6225a055ecb5323ee5746cd0e43
2026-02-01,synthetic-g4,4,cache_read,aws_marketplace,api,marketplace,11718780,120,175,0.10239973785667109,0.3142857142857143,mr-1673c6225a055ecb5323ee5746cd0e43
2026-02-01,synthetic-g4,4,cache_read,aws_marketplace,claude_code,marketplace,2410475,25,37,0.10371399827834762,0.32432432432432434,mr-1673c6225a055ecb5323ee5746cd0e43
2026-02-01,synthetic-g4,4,cache_read,azure_marketplace,api,marketplace,1244148,13,18,0.10448917652883741,0.2777777777777778,mr-1673c6225a055ecb5323ee5746cd0e43
2026-02-01,synthetic-g4,4,cache_read,direct,agent_platform,startup_api,437326,5,7,0.11433118543146303,0.2857142857142857,mr-1673c6225a055ecb5323ee5746cd0e43
2026-02-01,synthetic-g4,4,cache_read,direct,api,enterprise,877410360,8996,9638,0.10252899224941907,0.06661133015148368,mr-1673c6225a055ecb5323ee5746cd0e43
2026-02-01,synthetic-g4,4,cache_read,direct,api,mid_market_api,152558473,1564,2324,0.10251806859655707,0.3270223752151463,mr-1673c6225a055ecb5323ee5746cd0e43
2026-02-01,synthetic-g4,4,cache_read,direct,api,startup_api,14184523,145,233,0.1022240931189579,0.37768240343347637,mr-1673c6225a055ecb5323ee5746cd0e43
2026-02-01,synthetic-g4,4,cache_read,direct,claude_code,enterprise,1113117941,11413,16000,0.10253181248472933,0.2866875,mr-1673c6225a055ecb5323ee5746cd0e43
2026-02-01,synthetic-g4,4,cache_read,direct,claude_code,mid_market_api,840234,9,13,0.10711301851627046,0.3076923076923077,mr-1673c6225a055ecb5323ee5746cd0e43
2026-02-01,synthetic-g4,4,cache_read,direct,claude_code,startup_api,38330897,393,605,0.10252825546973242,0.35041322314049583,mr-1673c6225a055ecb5323ee5746cd0e43
2026-02-01,synthetic-g4,4,cache_read,gcp_marketplace,api,marketplace,9503696,98,133,0.10311777649453434,0.26315789473684215,mr-1673c6225a055ecb5323ee5746cd0e43
2026-02-01,synthetic-g4,4,cache_write,aws_marketplace,api,marketplace,2925804,250,545,0.8544659861015981,0.5412844036697247,mr-1673c6225a055ecb5323ee5746cd0e43
2026-02-01,synthetic-g4,4,cache_write,aws_marketplace,claude_code,marketplace,601632,51,116,0.8476942715812988,0.5603448275862069,mr-1673c6225a055ecb5323ee5746cd0e43
2026-02-01,synthetic-g4,4,cache_write,azure_marketplace,api,marketplace,311102,27,57,0.8678825594178116,0.5263157894736843,mr-1673c6225a055ecb5323ee5746cd0e43
2026-02-01,synthetic-g4,4,cache_write,direct,agent_platform,startup_api,108524,9,20,0.8293096457926358,0.55,mr-1673c6225a055ecb5323ee5746cd0e43
2026-02-01,synthetic-g4,4,cache_write,direct,api,enterprise,219346164,18740,30116,0.8543573162282427,0.3777394076238544,mr-1673c6225a055ecb5323ee5746cd0e43
2026-02-01,synthetic-g4,4,cache_write,direct,api,mid_market_api,38156878,3260,7267,0.8543675926526274,0.5513967249208752,mr-1673c6225a055ecb5323ee5746cd0e43
2026-02-01,synthetic-g4,4,cache_write,direct,api,startup_api,3545051,303,727,0.8547126684496218,0.5832187070151307,mr-1673c6225a055ecb5323ee5746cd0e43
2026-02-01,synthetic-g4,4,cache_write,direct,claude_code,enterprise,278286119,23777,50002,0.8544084083475252,0.5244790208391664,mr-1673c6225a055ecb5323ee5746cd0e43
2026-02-01,synthetic-g4,4,cache_write,direct,claude_code,mid_market_api,210139,18,41,0.8565758854853216,0.5609756097560976,mr-1673c6225a055ecb5323ee5746cd0e43
2026-02-01,synthetic-g4,4,cache_write,direct,claude_code,startup_api,9576257,818,1891,0.8541959556849822,0.5674246430460075,mr-1673c6225a055ecb5323ee5746cd0e43
2026-02-01,synthetic-g4,4,cache_write,gcp_marketplace,api,marketplace,2375614,203,416,0.8545159272508076,0.5120192307692308,mr-1673c6225a055ecb5323ee5746cd0e43
2026-02-01,synthetic-g4,4,input,aws_marketplace,api,marketplace,29284136,2002,4370,0.6836465996469897,0.5418764302059497,mr-1673c6225a055ecb5323ee5746cd0e43
2026-02-01,synthetic-g4,4,input,aws_marketplace,claude_code,marketplace,6022745,412,923,0.6840734581988778,0.5536294691224268,mr-1673c6225a055ecb5323ee5746cd0e43
2026-02-01,synthetic-g4,4,input,azure_marketplace,api,marketplace,3106311,212,455,0.682481567363989,0.5340659340659341,mr-1673c6225a055ecb5323ee5746cd0e43
2026-02-01,synthetic-g4,4,input,direct,agent_platform,startup_api,1090478,75,162,0.6877717844835017,0.537037037037037,mr-1673c6225a055ecb5323ee5746cd0e43
2026-02-01,synthetic-g4,4,input,direct,api,enterprise,2193591226,149936,240941,0.6835184159329784,0.37770657546868325,mr-1673c6225a055ecb5323ee5746cd0e43
2026-02-01,synthetic-g4,4,input,direct,api,mid_market_api,381423453,26071,58113,0.6835185355002279,0.5513740471151034,mr-1673c6225a055ecb5323ee5746cd0e43
2026-02-01,synthetic-g4,4,input,direct,api,startup_api,35462680,2424,5819,0.683535480115998,0.5834335796528614,mr-1673c6225a055ecb5323ee5746cd0e43
2026-02-01,synthetic-g4,4,input,direct,claude_code,enterprise,2782860489,190214,400013,0.6835197120080999,0.5244804543852325,mr-1673c6225a055ecb5323ee5746cd0e43
2026-02-01,synthetic-g4,4,input,direct,claude_code,mid_market_api,2102305,144,324,0.6849624578736196,0.5555555555555556,mr-1673c6225a055ecb5323ee5746cd0e43
2026-02-01,synthetic-g4,4,input,direct,claude_code,startup_api,95836631,6551,15141,0.6835590871302644,0.5673337296083483,mr-1673c6225a055ecb5323ee5746cd0e43
2026-02-01,synthetic-g4,4,input,gcp_marketplace,api,marketplace,23765503,1625,3329,0.683764193840122,0.5118654250525683,mr-1673c6225a055ecb5323ee5746cd0e43
2026-02-01,synthetic-g4,4,output,aws_marketplace,api,marketplace,14641757,4003,8740,2.733961504756567,0.5419908466819222,mr-1673c6225a055ecb5323ee5746cd0e43
2026-02-01,synthetic-g4,4,output,aws_marketplace,claude_code,marketplace,3010388,823,1844,2.733866863673387,0.5536876355748372,mr-1673c6225a055ecb5323ee5746cd0e43
2026-02-01,synthetic-g4,4,output,azure_marketplace,api,marketplace,1554761,425,911,2.73353910986962,0.5334796926454446,mr-1673c6225a055ecb5323ee5746cd0e43
2026-02-01,synthetic-g4,4,output,direct,agent_platform,startup_api,545950,149,324,2.7291876545471196,0.5401234567901234,mr-1673c6225a055ecb5323ee5746cd0e43
2026-02-01,synthetic-g4,4,output,direct,api,enterprise,1096746167,299858,481859,2.7340692771256343,0.3777059264224597,mr-1673c6225a055ecb5323ee5746cd0e43
2026-02-01,synthetic-g4,4,output,direct,api,mid_market_api,190738947,52150,116244,2.7341033816234708,0.5513746946078937,mr-1673c6225a055ecb5323ee5746cd0e43
2026-02-01,synthetic-g4,4,output,direct,api,startup_api,17731430,4848,11640,2.7341280426902963,0.5835051546391752,mr-1673c6225a055ecb5323ee5746cd0e43
2026-02-01,synthetic-g4,4,output,direct,claude_code,enterprise,1391473531,380440,800050,2.7340800347570537,0.5244797200174989,mr-1673c6225a055ecb5323ee5746cd0e43
2026-02-01,synthetic-g4,4,output,direct,claude_code,mid_market_api,1050578,287,648,2.731829526222708,0.5570987654320987,mr-1673c6225a055ecb5323ee5746cd0e43
2026-02-01,synthetic-g4,4,output,direct,claude_code,startup_api,47916594,13101,30280,2.734125885491778,0.567338177014531,mr-1673c6225a055ecb5323ee5746cd0e43
2026-02-01,synthetic-g4,4,output,gcp_marketplace,api,marketplace,11880572,3248,6655,2.733875102983257,0.5119459053343351,mr-1673c6225a055ecb5323ee5746cd0e43
2026-03-01,synthetic-g4,4,cache_read,aws_marketplace,api,marketplace,21006474,215,314,0.10234939952321365,0.3152866242038217,mr-1673c6225a055ecb5323ee5746cd0e43
2026-03-01,synthetic-g4,4,cache_read,aws_marketplace,claude_code,marketplace,2839743,29,44,0.10212191737069164,0.34090909090909094,mr-1673c6225a055ecb5323ee5746cd0e43
2026-03-01,synthetic-g4,4,cache_read,azure_marketplace,api,marketplace,443326,5,7,0.1127838204842486,0.2857142857142857,mr-1673c6225a055ecb5323ee5746cd0e43
2026-03-01,synthetic-g4,4,cache_read,direct,agent_platform,startup_api,266289,3,4,0.1126595540934849,0.25,mr-1673c6225a055ecb5323ee5746cd0e43
2026-03-01,synthetic-g4,4,cache_read,direct,api,enterprise,1185317122,12153,12906,0.10252952374039864,0.058344955834495615,mr-1673c6225a055ecb5323ee5746cd0e43
2026-03-01,synthetic-g4,4,cache_read,direct,api,mid_market_api,142421021,1460,2172,0.10251295698828054,0.32780847145488035,mr-1673c6225a055ecb5323ee5746cd0e43
2026-03-01,synthetic-g4,4,cache_read,direct,api,startup_api,13153954,135,216,0.10263073749535691,0.375,mr-1673c6225a055ecb5323ee5746cd0e43
2026-03-01,synthetic-g4,4,cache_read,direct,claude_code,enterprise,1245413477,12769,17902,0.10252819835191168,0.2867277399173277,mr-1673c6225a055ecb5323ee5746cd0e43
2026-03-01,synthetic-g4,4,cache_read,direct,claude_code,mid_market_api,1113859,11,17,0.09875576711235444,0.3529411764705882,mr-1673c6225a055ecb5323ee5746cd0e43
2026-03-01,synthetic-g4,4,cache_read,direct,claude_code,startup_api,39145134,401,610,0.10243929679740016,0.3426229508196721,mr-1673c6225a055ecb5323ee5746cd0e43
2026-03-01,synthetic-g4,4,cache_read,gcp_marketplace,api,marketplace,15939235,163,223,0.10226337713196398,0.26905829596412556,mr-1673c6225a055ecb5323ee5746cd0e43
2026-03-01,synthetic-g4,4,cache_write,aws_marketplace,api,marketplace,5251616,449,979,0.8549749258133116,0.5413687436159347,mr-1673c6225a055ecb5323ee5746cd0e43
2026-03-01,synthetic-g4,4,cache_write,aws_marketplace,claude_code,marketplace,709782,61,136,0.8594188074648272,0.5514705882352942,mr-1673c6225a055ecb5323ee5746cd0e43
2026-03-01,synthetic-g4,4,cache_write,azure_marketplace,api,marketplace,110833,9,20,0.8120325173910298,0.55,mr-1673c6225a055ecb5323ee5746cd0e43
2026-03-01,synthetic-g4,4,cache_write,direct,agent_platform,startup_api,66461,6,12,0.9027850920088473,0.5,mr-1673c6225a055ecb5323ee5746cd0e43
2026-03-01,synthetic-g4,4,cache_write,direct,api,enterprise,296342722,25320,40335,0.8544161243143336,0.3722573447378208,mr-1673c6225a055ecb5323ee5746cd0e43
2026-03-01,synthetic-g4,4,cache_write,direct,api,mid_market_api,35595156,3041,6784,0.8543297295845536,0.5517393867924528,mr-1673c6225a055ecb5323ee5746cd0e43
2026-03-01,synthetic-g4,4,cache_write,direct,api,startup_api,3284879,280,675,0.852390605559596,0.5851851851851853,mr-1673c6225a055ecb5323ee5746cd0e43
2026-03-01,synthetic-g4,4,cache_write,direct,claude_code,enterprise,311339756,26601,55941,0.8544042155669962,0.5244811497828069,mr-1673c6225a055ecb5323ee5746cd0e43
2026-03-01,synthetic-g4,4,cache_write,direct,claude_code,mid_market_api,278472,24,54,0.8618460742911316,0.5555555555555556,mr-1673c6225a055ecb5323ee5746cd0e43
2026-03-01,synthetic-g4,4,cache_write,direct,claude_code,startup_api,9784524,836,1903,0.8544104955948802,0.5606936416184971,mr-1673c6225a055ecb5323ee5746cd0e43
2026-03-01,synthetic-g4,4,cache_write,gcp_marketplace,api,marketplace,3986537,341,697,0.8553789918417916,0.5107604017216643,mr-1673c6225a055ecb5323ee5746cd0e43
2026-03-01,synthetic-g4,4,input,aws_marketplace,api,marketplace,52525139,3590,7838,0.6834822464724939,0.5419749936208216,mr-1673c6225a055ecb5323ee5746cd0e43
2026-03-01,synthetic-g4,4,input,aws_marketplace,claude_code,marketplace,7100691,485,1088,0.6830321161701023,0.5542279411764706,mr-1673c6225a055ecb5323ee5746cd0e43
2026-03-01,synthetic-g4,4,input,azure_marketplace,api,marketplace,1108595,76,162,0.6855524334856282,0.5308641975308642,mr-1673c6225a055ecb5323ee5746cd0e43
2026-03-01,synthetic-g4,4,input,direct,agent_platform,startup_api,665422,45,99,0.6762625822410441,0.5454545454545454,mr-1673c6225a055ecb5323ee5746cd0e43
2026-03-01,synthetic-g4,4,input,direct,api,enterprise,2963310039,202548,322663,0.6835194337894929,0.372261461648841,mr-1673c6225a055ecb5323ee5746cd0e43
2026-03-01,synthetic-g4,4,input,direct,api,mid_market_api,356022802,24335,54287,0.6835236356574712,0.5517343010297124,mr-1673c6225a055ecb5323ee5746cd0e43
2026-03-01,synthetic-g4,4,input,direct,api,startup_api,32877129,2248,5401,0.6837580008887029,0.5837807813367895,mr-1673c6225a055ecb5323ee5746cd0e43
2026-03-01,synthetic-g4,4,input,direct,claude_code,enterprise,3113460866,212811,447534,0.6835191099524165,0.5244808215688641,mr-1673c6225a055ecb5323ee5746cd0e43
2026-03-01,synthetic-g4,4,input,direct,claude_code,mid_market_api,2784811,190,430,0.6822725132872572,0.5581395348837209,mr-1673c6225a055ecb5323ee5746cd0e43
2026-03-01,synthetic-g4,4,input,direct,claude_code,startup_api,97855644,6688,15226,0.6834557238211012,0.5607513463811901,mr-1673c6225a055ecb5323ee5746cd0e43
2026-03-01,synthetic-g4,4,input,gcp_marketplace,api,marketplace,39863814,2725,5583,0.6835773415960651,0.5119111588751567,mr-1673c6225a055ecb5323ee5746cd0e43
2026-03-01,synthetic-g4,4,output,aws_marketplace,api,marketplace,26260450,7180,15674,2.7341496432848635,0.5419165497001404,mr-1673c6225a055ecb5323ee5746cd0e43
2026-03-01,synthetic-g4,4,output,aws_marketplace,claude_code,marketplace,3551286,971,2177,2.7342207864981867,0.5539733578318787,mr-1673c6225a055ecb5323ee5746cd0e43
2026-03-01,synthetic-g4,4,output,azure_marketplace,api,marketplace,555509,152,325,2.736229296015006,0.5323076923076924,mr-1673c6225a055ecb5323ee5746cd0e43
2026-03-01,synthetic-g4,4,output,direct,agent_platform,startup_api,331923,91,199,2.741599708366097,0.542713567839196,mr-1673c6225a055ecb5323ee5746cd0e43
2026-03-01,synthetic-g4,4,output,direct,api,enterprise,1481650522,405095,645323,2.7340792851284803,0.3722600930076876,mr-1673c6225a055ecb5323ee5746cd0e43
2026-03-01,synthetic-g4,4,output,direct,api,mid_market_api,178009416,48669,108573,2.7340688539756797,0.5517393827194607,mr-1673c6225a055ecb5323ee5746cd0e43
2026-03-01,synthetic-g4,4,output,direct,api,startup_api,16445838,4497,10805,2.734430437658452,0.583803794539565,mr-1673c6225a055ecb5323ee5746cd0e43
2026-03-01,synthetic-g4,4,output,direct,claude_code,enterprise,1556762731,425631,895086,2.7340775284785512,0.5244803292644505,mr-1673c6225a055ecb5323ee5746cd0e43
2026-03-01,synthetic-g4,4,output,direct,claude_code,mid_market_api,1392887,381,860,2.735325981217428,0.5569767441860465,mr-1673c6225a055ecb5323ee5746cd0e43
2026-03-01,synthetic-g4,4,output,direct,claude_code,startup_api,48919224,13375,30445,2.734098970989401,0.5606831992116932,mr-1673c6225a055ecb5323ee5746cd0e43
2026-03-01,synthetic-g4,4,output,gcp_marketplace,api,marketplace,19932143,5450,11166,2.7342769916912597,0.5119111588751567,mr-1673c6225a055ecb5323ee5746cd0e43
2026-04-01,synthetic-g4,4,cache_read,aws_marketplace,api,marketplace,12846520,132,192,0.10275156229079938,0.3125,mr-1673c6225a055ecb5323ee5746cd0e43
2026-04-01,synthetic-g4,4,cache_read,azure_marketplace,api,marketplace,22397034,230,326,0.10269216897201656,0.29447852760736193,mr-1673c6225a055ecb5323ee5746cd0e43
2026-04-01,synthetic-g4,4,cache_read,direct,agent_platform,enterprise,437374502,4484,4886,0.10252083693712899,0.08227589029881288,mr-1673c6225a055ecb5323ee5746cd0e43
2026-04-01,synthetic-g4,4,cache_read,direct,agent_platform,startup_api,270863,3,4,0.11075709860704488,0.25,mr-1673c6225a055ecb5323ee5746cd0e43
2026-04-01,synthetic-g4,4,cache_read,direct,api,enterprise,1149742817,11788,11981,0.10252727675879883,0.016108838995075536,mr-1673c6225a055ecb5323ee5746cd0e43
2026-04-01,synthetic-g4,4,cache_read,direct,api,mid_market_api,128450311,1317,1958,0.10252991913736978,0.32737487231869256,mr-1673c6225a055ecb5323ee5746cd0e43
2026-04-01,synthetic-g4,4,cache_read,direct,api,startup_api,10833812,111,178,0.10245701143789462,0.3764044943820225,mr-1673c6225a055ecb5323ee5746cd0e43
2026-04-01,synthetic-g4,4,cache_read,direct,claude_code,startup_api,39046305,400,611,0.10244247182928065,0.34533551554828146,mr-1673c6225a055ecb5323ee5746cd0e43
2026-04-01,synthetic-g4,4,cache_read,gcp_marketplace,api,marketplace,12080577,124,169,0.10264410383709321,0.26627218934911245,mr-1673c6225a055ecb5323ee5746cd0e43
2026-04-01,synthetic-g4,4,cache_write,aws_marketplace,api,marketplace,3212622,274,599,0.8528858981853452,0.5425709515859767,mr-1673c6225a055ecb5323ee5746cd0e43
2026-04-01,synthetic-g4,4,cache_write,azure_marketplace,api,marketplace,5602023,478,1018,0.8532631872450362,0.5304518664047151,mr-1673c6225a055ecb5323ee5746cd0e43
2026-04-01,synthetic-g4,4,cache_write,direct,agent_platform,enterprise,109348408,9343,15270,0.854424876492029,0.3881466928618206,mr-1673c6225a055ecb5323ee5746cd0e43
2026-04-01,synthetic-g4,4,cache_write,direct,agent_platform,startup_api,67517,6,13,0.8886650769435845,0.5384615384615384,mr-1673c6225a055ecb5323ee5746cd0e43
2026-04-01,synthetic-g4,4,cache_write,direct,api,enterprise,287439754,24559,37442,0.8544051286656751,0.34407884194220395,mr-1673c6225a055ecb5323ee5746cd0e43
2026-04-01,synthetic-g4,4,cache_write,direct,api,mid_market_api,32109258,2743,6116,0.8542707526907037,0.5515042511445389,mr-1673c6225a055ecb5323ee5746cd0e43
2026-04-01,synthetic-g4,4,cache_write,direct,api,startup_api,2707374,231,557,0.8532253024517484,0.585278276481149,mr-1673c6225a055ecb5323ee5746cd0e43
2026-04-01,synthetic-g4,4,cache_write,direct,claude_code,startup_api,9758333,834,1908,0.8546541709531741,0.5628930817610063,mr-1673c6225a055ecb5323ee5746cd0e43
2026-04-01,synthetic-g4,4,cache_write,gcp_marketplace,api,marketplace,3021424,258,529,0.8539020011756047,0.5122873345935728,mr-1673c6225a055ecb5323ee5746cd0e43
2026-04-01,synthetic-g4,4,input,aws_marketplace,api,marketplace,32118457,2195,4793,0.6834076742852249,0.54204047569372,mr-1673c6225a055ecb5323ee5746cd0e43
2026-04-01,synthetic-g4,4,input,azure_marketplace,api,marketplace,56003188,3828,8145,0.6835325160417653,0.5300184162062616,mr-1673c6225a055ecb5323ee5746cd0e43
2026-04-01,synthetic-g4,4,input,direct,agent_platform,enterprise,1093502878,74743,122164,0.6835190057908562,0.3881749124128221,mr-1673c6225a055ecb5323ee5746cd0e43
2026-04-01,synthetic-g4,4,input,direct,agent_platform,startup_api,676382,46,101,0.6800890620980452,0.5445544554455446,mr-1673c6225a055ecb5323ee5746cd0e43
2026-04-01,synthetic-g4,4,input,direct,api,enterprise,2874185712,196456,299515,0.6835188108401535,0.34408627280770576,mr-1673c6225a055ecb5323ee5746cd0e43
2026-04-01,synthetic-g4,4,input,direct,api,mid_market_api,321152733,21952,48942,0.6835376985566552,0.5514690858567284,mr-1673c6225a055ecb5323ee5746cd0e43
2026-04-01,synthetic-g4,4,input,direct,api,startup_api,27082602,1851,4456,0.6834646094935782,0.5846050269299821,mr-1673c6225a055ecb5323ee5746cd0e43
2026-04-01,synthetic-g4,4,input,direct,claude_code,startup_api,97612741,6672,15268,0.6835173289519654,0.5630075975897302,mr-1673c6225a055ecb5323ee5746cd0e43
2026-04-01,synthetic-g4,4,input,gcp_marketplace,api,marketplace,30190830,2064,4228,0.6836512941181146,0.5118259224219489,mr-1673c6225a055ecb5323ee5746cd0e43
2026-04-01,synthetic-g4,4,output,aws_marketplace,api,marketplace,16059416,4391,9585,2.7342214685764414,0.54188836724048,mr-1673c6225a055ecb5323ee5746cd0e43
2026-04-01,synthetic-g4,4,output,azure_marketplace,api,marketplace,27994540,7654,16285,2.7341045789643266,0.5299969296898988,mr-1673c6225a055ecb5323ee5746cd0e43
2026-04-01,synthetic-g4,4,output,direct,agent_platform,enterprise,546709043,149474,244310,2.7340685491459853,0.3881789529695878,mr-1673c6225a055ecb5323ee5746cd0e43
2026-04-01,synthetic-g4,4,output,direct,agent_platform,startup_api,338374,93,202,2.7484381187679903,0.5396039603960396,mr-1673c6225a055ecb5323ee5746cd0e43
2026-04-01,synthetic-g4,4,output,direct,api,enterprise,1437125825,392921,599043,2.734075146134125,0.34408548301207087,mr-1673c6225a055ecb5323ee5746cd0e43
2026-04-01,synthetic-g4,4,output,direct,api,mid_market_api,160582903,43905,97888,2.734101774209425,0.5514771984308597,mr-1673c6225a055ecb5323ee5746cd0e43
2026-04-01,synthetic-g4,4,output,direct,api,startup_api,13544659,3703,8915,2.733918956542206,0.5846326416152552,mr-1673c6225a055ecb5323ee5746cd0e43
2026-04-01,synthetic-g4,4,output,direct,claude_code,startup_api,48801027,13343,30534,2.734163770774742,0.5630117246348333,mr-1673c6225a055ecb5323ee5746cd0e43
2026-04-01,synthetic-g4,4,output,gcp_marketplace,api,marketplace,15101738,4129,8461,2.7341223904162555,0.5119962179411417,mr-1673c6225a055ecb5323ee5746cd0e43
2026-04-01,synthetic-g5,5,cache_read,aws_marketplace,claude_code,marketplace,3515338,29,44,0.08249562346494135,0.34090909090909094,mr-1673c6225a055ecb5323ee5746cd0e43
2026-04-01,synthetic-g5,5,cache_read,direct,api,enterprise,340955537,2796,3310,0.08200482750922447,0.15528700906344406,mr-1673c6225a055ecb5323ee5746cd0e43
2026-04-01,synthetic-g5,5,cache_read,direct,api,startup_api,1034143,8,14,0.07735874052234555,0.4285714285714286,mr-1673c6225a055ecb5323ee5746cd0e43
2026-04-01,synthetic-g5,5,cache_read,direct,claude_code,enterprise,1116613653,9159,13161,0.08202478964315511,0.30408023706405285,mr-1673c6225a055ecb5323ee5746cd0e43
2026-04-01,synthetic-g5,5,cache_read,direct,claude_code,mid_market_api,1349862,11,17,0.08148981155110671,0.3529411764705882,mr-1673c6225a055ecb5323ee5746cd0e43
2026-04-01,synthetic-g5,5,cache_write,aws_marketplace,claude_code,marketplace,878339,60,138,0.6831075473137365,0.5652173913043479,mr-1673c6225a055ecb5323ee5746cd0e43
2026-04-01,synthetic-g5,5,cache_write,direct,api,enterprise,85240866,5826,10342,0.6834749895666241,0.4366660220460259,mr-1673c6225a055ecb5323ee5746cd0e43
2026-04-01,synthetic-g5,5,cache_write,direct,api,startup_api,257754,18,42,0.6983402779394307,0.5714285714285714,mr-1673c6225a055ecb5323ee5746cd0e43
2026-04-01,synthetic-g5,5,cache_write,direct,claude_code,enterprise,279174276,19082,41132,0.6835156975566044,0.5360789652825051,mr-1673c6225a055ecb5323ee5746cd0e43
2026-04-01,synthetic-g5,5,cache_write,direct,claude_code,mid_market_api,337405,23,53,0.681673359908715,0.5660377358490566,mr-1673c6225a055ecb5323ee5746cd0e43
2026-04-01,synthetic-g5,5,input,aws_marketplace,claude_code,marketplace,8789710,481,1105,0.5472307960103349,0.5647058823529412,mr-1673c6225a055ecb5323ee5746cd0e43
2026-04-01,synthetic-g5,5,input,direct,api,enterprise,852477652,46615,82745,0.5468178537072078,0.43664269744395434,mr-1673c6225a055ecb5323ee5746cd0e43
2026-04-01,synthetic-g5,5,input,direct,api,startup_api,2582217,141,340,0.5460424123921421,0.5852941176470587,mr-1673c6225a055ecb5323ee5746cd0e43
2026-04-01,synthetic-g5,5,input,direct,claude_code,enterprise,2791670110,152653,329049,0.5468160419570491,0.5360782132752264,mr-1673c6225a055ecb5323ee5746cd0e43
2026-04-01,synthetic-g5,5,input,direct,claude_code,mid_market_api,3371017,184,427,0.5458293446755089,0.5690866510538641,mr-1673c6225a055ecb5323ee5746cd0e43
2026-04-01,synthetic-g5,5,output,aws_marketplace,claude_code,marketplace,4391799,961,2207,2.188169358388214,0.564567285908473,mr-1673c6225a055ecb5323ee5746cd0e43
2026-04-01,synthetic-g5,5,output,direct,api,enterprise,426249505,93233,165493,2.1872869975532288,0.4366347821358003,mr-1673c6225a055ecb5323ee5746cd0e43
2026-04-01,synthetic-g5,5,output,direct,api,startup_api,1291934,283,682,2.190514376121381,0.5850439882697946,mr-1673c6225a055ecb5323ee5746cd0e43
2026-04-01,synthetic-g5,5,output,direct,claude_code,enterprise,1395861759,305312,658110,2.1872653078391266,0.5360775554238653,mr-1673c6225a055ecb5323ee5746cd0e43
2026-04-01,synthetic-g5,5,output,direct,claude_code,mid_market_api,1683166,368,851,2.186355950631132,0.5675675675675675,mr-1673c6225a055ecb5323ee5746cd0e43
2026-05-01,synthetic-g5,5,cache_read,aws_marketplace,api,marketplace,10224548,84,125,0.08215522094473027,0.32799999999999996,mr-1673c6225a055ecb5323ee5746cd0e43
2026-05-01,synthetic-g5,5,cache_read,aws_marketplace,claude_code,marketplace,4723607,39,60,0.08256402363702145,0.35,mr-1673c6225a055ecb5323ee5746cd0e43
2026-05-01,synthetic-g5,5,cache_read,azure_marketplace,api,marketplace,27720987,227,330,0.08188741620202773,0.31212121212121213,mr-1673c6225a055ecb5323ee5746cd0e43
2026-05-01,synthetic-g5,5,cache_read,direct,agent_platform,enterprise,419655702,3442,3844,0.08201961711936896,0.10457856399583765,mr-1673c6225a055ecb5323ee5746cd0e43
2026-05-01,synthetic-g5,5,cache_read,direct,agent_platform,startup_api,460025,4,6,0.08695179609803814,0.33333333333333337,mr-1673c6225a055ecb5323ee5746cd0e43
2026-05-01,synthetic-g5,5,cache_read,direct,api,enterprise,1261391833,10346,11233,0.0820205088484983,0.07896376747084488,mr-1673c6225a055ecb5323ee5746cd0e43
2026-05-01,synthetic-g5,5,cache_read,direct,api,mid_market_api,114955345,943,1437,0.08203185332530645,0.3437717466945024,mr-1673c6225a055ecb5323ee5746cd0e43
2026-05-01,synthetic-g5,5,cache_read,direct,api,startup_api,7395351,60,99,0.08113205174439996,0.3939393939393939,mr-1673c6225a055ecb5323ee5746cd0e43
2026-05-01,synthetic-g5,5,cache_read,direct,claude_code,enterprise,1202508851,9863,14174,0.08202018631129393,0.30414844080711156,mr-1673c6225a055ecb5323ee5746cd0e43
2026-05-01,synthetic-g5,5,cache_read,direct,claude_code,mid_market_api,767486,6,10,0.07817732180130973,0.4,mr-1673c6225a055ecb5323ee5746cd0e43
2026-05-01,synthetic-g5,5,cache_read,direct,claude_code,startup_api,37239385,306,478,0.08217106700338903,0.35983263598326365,mr-1673c6225a055ecb5323ee5746cd0e43
2026-05-01,synthetic-g5,5,cache_read,gcp_marketplace,api,marketplace,6501782,53,74,0.08151611358239941,0.28378378378378377,mr-1673c6225a055ecb5323ee5746cd0e43
2026-05-01,synthetic-g5,5,cache_write,aws_marketplace,api,marketplace,2554761,175,391,0.6849955827570563,0.5524296675191815,mr-1673c6225a055ecb5323ee5746cd0e43
2026-05-01,synthetic-g5,5,cache_write,aws_marketplace,claude_code,marketplace,1180604,81,185,0.68608949317468,0.5621621621621622,mr-1673c6225a055ecb5323ee5746cd0e43
2026-05-01,synthetic-g5,5,cache_write,azure_marketplace,api,marketplace,6929413,474,1033,0.6840406250861365,0.5411423039690222,mr-1673c6225a055ecb5323ee5746cd0e43
2026-05-01,synthetic-g5,5,cache_write,direct,agent_platform,enterprise,104923981,7172,12015,0.6835424973057399,0.40307948397836035,mr-1673c6225a055ecb5323ee5746cd0e43
2026-05-01,synthetic-g5,5,cache_write,direct,agent_platform,startup_api,115069,8,18,0.6952350328933075,0.5555555555555556,mr-1673c6225a055ecb5323ee5746cd0e43
2026-05-01,synthetic-g5,5,cache_write,direct,api,enterprise,315339027,21555,35103,0.6835500256680883,0.3859499188103581,mr-1673c6225a055ecb5323ee5746cd0e43
2026-05-01,synthetic-g5,5,cache_write,direct,api,mid_market_api,28736794,1964,4490,0.6834443675240878,0.5625835189309577,mr-1673c6225a055ecb5323ee5746cd0e43
2026-05-01,synthetic-g5,5,cache_write,direct,api,startup_api,1849265,127,310,0.6867593341138236,0.5903225806451613,mr-1673c6225a055ecb5323ee5746cd0e43
2026-05-01,synthetic-g5,5,cache_write,direct,claude_code,enterprise,300653178,20550,44297,0.6835118170611854,0.5360859651895162,mr-1673c6225a055ecb5323ee5746cd0e43
2026-05-01,synthetic-g5,5,cache_write,direct,claude_code,mid_market_api,192176,13,30,0.6764632420281409,0.5666666666666667,mr-1673c6225a055ecb5323ee5746cd0e43
2026-05-01,synthetic-g5,5,cache_write,direct,claude_code,startup_api,9311341,637,1494,0.6841119877362455,0.5736278447121821,mr-1673c6225a055ecb5323ee5746cd0e43
2026-05-01,synthetic-g5,5,cache_write,gcp_marketplace,api,marketplace,1626493,111,234,0.6824499090989018,0.5256410256410257,mr-1673c6225a055ecb5323ee5746cd0e43
2026-05-01,synthetic-g5,5,input,aws_marketplace,api,marketplace,25552021,1397,3126,0.5467277911207101,0.5531030070377478,mr-1673c6225a055ecb5323ee5746cd0e43
2026-05-01,synthetic-g5,5,input,aws_marketplace,claude_code,marketplace,11804121,645,1483,0.5464193394832194,0.5650708024275117,mr-1673c6225a055ecb5323ee5746cd0e43
2026-05-01,synthetic-g5,5,input,azure_marketplace,api,marketplace,69313026,3791,8267,0.5469390414436675,0.5414297810572155,mr-1673c6225a055ecb5323ee5746cd0e43
2026-05-01,synthetic-g5,5,input,direct,agent_platform,enterprise,1049170123,57370,96113,0.5468131310864635,0.4030984362157044,mr-1673c6225a055ecb5323ee5746cd0e43
2026-05-01,synthetic-g5,5,input,direct,agent_platform,startup_api,1149291,63,140,0.5481640420050274,0.55,mr-1673c6225a055ecb5323ee5746cd0e43
2026-05-01,synthetic-g5,5,input,direct,api,enterprise,3153364087,172431,280823,0.546816020106466,0.38597978085840545,mr-1673c6225a055ecb5323ee5746cd0e43
2026-05-01,synthetic-g5,5,input,direct,api,mid_market_api,287336082,15712,35916,0.5468161147961919,0.5625348034302261,mr-1673c6225a055ecb5323ee5746cd0e43
2026-05-01,synthetic-g5,5,input,direct,api,startup_api,18498200,1011,2481,0.5465396633185932,0.592503022974607,mr-1673c6225a055ecb5323ee5746cd0e43
2026-05-01,synthetic-g5,5,input,direct,claude_code,enterprise,3006413343,164395,354359,0.5468143639754994,0.5360778193865543,mr-1673c6225a055ecb5323ee5746cd0e43
2026-05-01,synthetic-g5,5,input,direct,claude_code,mid_market_api,1919678,105,243,0.5469667308788244,0.5679012345679013,mr-1673c6225a055ecb5323ee5746cd0e43
2026-05-01,synthetic-g5,5,input,direct,claude_code,startup_api,93063700,5088,11940,0.5467222988125338,0.5738693467336684,mr-1673c6225a055ecb5323ee5746cd0e43
2026-05-01,synthetic-g5,5,input,gcp_marketplace,api,marketplace,16258015,889,1867,0.5468072209307224,0.5238350294590252,mr-1673c6225a055ecb5323ee5746cd0e43
2026-05-01,synthetic-g5,5,output,aws_marketplace,api,marketplace,12779174,2795,6255,2.187152315165284,0.5531574740207834,mr-1673c6225a055ecb5323ee5746cd0e43
2026-05-01,synthetic-g5,5,output,aws_marketplace,claude_code,marketplace,5902595,1291,2967,2.1871736075404122,0.5648803505224131,mr-1673c6225a055ecb5323ee5746cd0e43
2026-05-01,synthetic-g5,5,output,azure_marketplace,api,marketplace,34658306,7581,16535,2.187354454080935,0.5415179921378893,mr-1673c6225a055ecb5323ee5746cd0e43
2026-05-01,synthetic-g5,5,output,direct,agent_platform,enterprise,524565687,114736,192220,2.1872570555687147,0.40310061387992924,mr-1673c6225a055ecb5323ee5746cd0e43
2026-05-01,synthetic-g5,5,output,direct,agent_platform,startup_api,573428,125,279,2.1798726256827363,0.5519713261648745,mr-1673c6225a055ecb5323ee5746cd0e43
2026-05-01,synthetic-g5,5,output,direct,api,enterprise,1576655216,344856,561635,2.1872632424665763,0.3859784379534751,mr-1673c6225a055ecb5323ee5746cd0e43
2026-05-01,synthetic-g5,5,output,direct,api,mid_market_api,143686664,31428,71845,2.187259354841727,0.5625582851972997,mr-1673c6225a055ecb5323ee5746cd0e43
2026-05-01,synthetic-g5,5,output,direct,api,startup_api,9252184,2024,4964,2.1875915999941205,0.5922643029814665,mr-1673c6225a055ecb5323ee5746cd0e43
2026-05-01,synthetic-g5,5,output,direct,claude_code,enterprise,1503136417,328776,708687,2.1872665466796417,0.5360772809434913,mr-1673c6225a055ecb5323ee5746cd0e43
2026-05-01,synthetic-g5,5,output,direct,claude_code,mid_market_api,960237,210,486,2.186960094226738,0.5679012345679013,mr-1673c6225a055ecb5323ee5746cd0e43
2026-05-01,synthetic-g5,5,output,direct,claude_code,startup_api,46541087,10180,23885,2.187314619445824,0.5737910822692066,mr-1673c6225a055ecb5323ee5746cd0e43
2026-05-01,synthetic-g5,5,output,gcp_marketplace,api,marketplace,8132881,1779,3735,2.187416734611019,0.5236947791164659,mr-1673c6225a055ecb5323ee5746cd0e43
2026-06-01,synthetic-g5,5,cache_read,aws_marketplace,api,marketplace,28085014,230,344,0.08189420877625342,0.33139534883720934,mr-1673c6225a055ecb5323ee5746cd0e43
2026-06-01,synthetic-g5,5,cache_read,aws_marketplace,claude_code,marketplace,4762335,39,60,0.08189260100349934,0.35,mr-1673c6225a055ecb5323ee5746cd0e43
2026-06-01,synthetic-g5,5,cache_read,azure_marketplace,api,marketplace,40581395,333,485,0.08205730729562155,0.3134020618556701,mr-1673c6225a055ecb5323ee5746cd0e43
2026-06-01,synthetic-g5,5,cache_read,direct,agent_platform,enterprise,288629881,2367,2644,0.082008141076703,0.10476550680786689,mr-1673c6225a055ecb5323ee5746cd0e43
2026-06-01,synthetic-g5,5,cache_read,direct,agent_platform,startup_api,339704,3,4,0.08831217766055154,0.25,mr-1673c6225a055ecb5323ee5746cd0e43
2026-06-01,synthetic-g5,5,cache_read,direct,api,enterprise,1251719388,10268,11263,0.08203116527903456,0.08834235993962536,mr-1673c6225a055ecb5323ee5746cd0e43
2026-06-01,synthetic-g5,5,cache_read,direct,api,mid_market_api,69066640,567,864,0.08209462629136151,0.34375,mr-1673c6225a055ecb5323ee5746cd0e43
2026-06-01,synthetic-g5,5,cache_read,direct,api,startup_api,9834900,81,132,0.08235975963151633,0.38636363636363635,mr-1673c6225a055ecb5323ee5746cd0e43
2026-06-01,synthetic-g5,5,cache_read,direct,claude_code,enterprise,2865924859,23507,33780,0.08202238773350896,0.30411486086441686,mr-1673c6225a055ecb5323ee5746cd0e43
2026-06-01,synthetic-g5,5,cache_read,direct,claude_code,mid_market_api,1339671,11,17,0.0821097120113819,0.3529411764705882,mr-1673c6225a055ecb5323ee5746cd0e43
2026-06-01,synthetic-g5,5,cache_read,direct,claude_code,startup_api,56153493,460,712,0.08191832340688049,0.3539325842696629,mr-1673c6225a055ecb5323ee5746cd0e43
2026-06-01,synthetic-g5,5,cache_read,gcp_marketplace,api,marketplace,11695724,96,134,0.08208128030381018,0.28358208955223885,mr-1673c6225a055ecb5323ee5746cd0e43
2026-06-01,synthetic-g5,5,cache_write,aws_marketplace,api,marketplace,7022132,480,1074,0.6835530861567398,0.553072625698324,mr-1673c6225a055ecb5323ee5746cd0e43
2026-06-01,synthetic-g5,5,cache_write,aws_marketplace,claude_code,marketplace,1191960,81,187,0.6795530051344005,0.5668449197860963,mr-1673c6225a055ecb5323ee5746cd0e43
2026-06-01,synthetic-g5,5,cache_write,azure_marketplace,api,marketplace,10145215,693,1512,0.6830806444220255,0.5416666666666667,mr-1673c6225a055ecb5323ee5746cd0e43
2026-06-01,synthetic-g5,5,cache_write,direct,agent_platform,enterprise,72176453,4933,8265,0.6834638992304042,0.403145795523291,mr-1673c6225a055ecb5323ee5746cd0e43
2026-06-01,synthetic-g5,5,cache_write,direct,agent_platform,startup_api,85114,6,13,0.7049369081467208,0.5384615384615384,mr-1673c6225a055ecb5323ee5746cd0e43
2026-06-01,synthetic-g5,5,cache_write,direct,api,enterprise,312918125,21388,35192,0.6835014750264147,0.39224823823596267,mr-1673c6225a055ecb5323ee5746cd0e43
2026-06-01,synthetic-g5,5,cache_write,direct,api,mid_market_api,17263568,1180,2699,0.6835203475897914,0.5628010374212671,mr-1673c6225a055ecb5323ee5746cd0e43
2026-06-01,synthetic-g5,5,cache_write,direct,api,startup_api,2457148,168,412,0.6837194991917459,0.5922330097087378,mr-1673c6225a055ecb5323ee5746cd0e43
2026-06-01,synthetic-g5,5,cache_write,direct,claude_code,enterprise,716475783,48973,105562,0.6835262427843984,0.5360735870862621,mr-1673c6225a055ecb5323ee5746cd0e43
2026-06-01,synthetic-g5,5,cache_write,direct,claude_code,mid_market_api,335541,23,53,0.6854601971145106,0.5660377358490566,mr-1673c6225a055ecb5323ee5746cd0e43
2026-06-01,synthetic-g5,5,cache_write,direct,claude_code,startup_api,14043301,960,2225,0.6835999598669857,0.5685393258426966,mr-1673c6225a055ecb5323ee5746cd0e43
2026-06-01,synthetic-g5,5,cache_write,gcp_marketplace,api,marketplace,2926855,200,420,0.6833273257472612,0.5238095238095238,mr-1673c6225a055ecb5323ee5746cd0e43
2026-06-01,synthetic-g5,5,input,aws_marketplace,api,marketplace,70204996,3839,8590,0.5468271802194818,0.5530849825378347,mr-1673c6225a055ecb5323ee5746cd0e43
2026-06-01,synthetic-g5,5,input,aws_marketplace,claude_code,marketplace,11914303,651,1498,0.5464020849562077,0.5654205607476636,mr-1673c6225a055ecb5323ee5746cd0e43
2026-06-01,synthetic-g5,5,input,azure_marketplace,api,marketplace,101428675,5547,12097,0.5468867655029507,0.5414565594775564,mr-1673c6225a055ecb5323ee5746cd0e43
2026-06-01,synthetic-g5,5,input,direct,agent_platform,enterprise,721601489,39458,66105,0.5468115102517478,0.4031011269949323,mr-1673c6225a055ecb5323ee5746cd0e43
2026-06-01,synthetic-g5,5,input,direct,agent_platform,startup_api,850997,47,104,0.5522933688367879,0.5480769230769231,mr-1673c6225a055ecb5323ee5746cd0e43
2026-06-01,synthetic-g5,5,input,direct,api,enterprise,3129367238,171118,281556,0.5468134194098698,0.39224168549063065,mr-1673c6225a055ecb5323ee5746cd0e43
2026-06-01,synthetic-g5,5,input,direct,api,mid_market_api,172670907,9442,21598,0.5468205480614056,0.5628298916566349,mr-1673c6225a055ecb5323ee5746cd0e43
2026-06-01,synthetic-g5,5,input,direct,api,startup_api,24590611,1345,3303,0.5469567226288115,0.5927944293066909,mr-1673c6225a055ecb5323ee5746cd0e43
2026-06-01,synthetic-g5,5,input,direct,claude_code,enterprise,7164756593,391780,844497,0.5468155057532182,0.5360788729859313,mr-1673c6225a055ecb5323ee5746cd0e43
2026-06-01,synthetic-g5,5,input,direct,claude_code,mid_market_api,3348000,183,424,0.546594982078853,0.5683962264150944,mr-1673c6225a055ecb5323ee5746cd0e43
2026-06-01,synthetic-g5,5,input,direct,claude_code,startup_api,140367654,7676,17793,0.5468496324658956,0.5685943910526612,mr-1673c6225a055ecb5323ee5746cd0e43
2026-06-01,synthetic-g5,5,input,gcp_marketplace,api,marketplace,29250170,1599,3360,0.5466634894771552,0.5241071428571429,mr-1673c6225a055ecb5323ee5746cd0e43
2026-06-01,synthetic-g5,5,output,aws_marketplace,api,marketplace,35108517,7679,17184,2.1872185601003884,0.5531308193668529,mr-1673c6225a055ecb5323ee5746cd0e43
2026-06-01,synthetic-g5,5,output,aws_marketplace,claude_code,marketplace,5960996,1304,2996,2.1875538920005986,0.5647530040053405,mr-1673c6225a055ecb5323ee5746cd0e43
2026-06-01,synthetic-g5,5,output,azure_marketplace,api,marketplace,50730124,11096,24202,2.1872605712534825,0.5415254937608462,mr-1673c6225a055ecb5323ee5746cd0e43
2026-06-01,synthetic-g5,5,output,direct,agent_platform,enterprise,360806760,78918,132212,2.187265005788694,0.4030950291955344,mr-1673c6225a055ecb5323ee5746cd0e43
2026-06-01,synthetic-g5,5,output,direct,agent_platform,startup_api,425901,93,209,2.1836060492931457,0.5550239234449761,mr-1673c6225a055ecb5323ee5746cd0e43
2026-06-01,synthetic-g5,5,output,direct,api,enterprise,1564654018,342231,563098,2.187263101381688,0.3922354545745146,mr-1673c6225a055ecb5323ee5746cd0e43
2026-06-01,synthetic-g5,5,output,direct,api,mid_market_api,86339453,18885,43198,2.187296692741382,0.562826982730682,mr-1673c6225a055ecb5323ee5746cd0e43
2026-06-01,synthetic-g5,5,output,direct,api,startup_api,12297857,2690,6606,2.187372970754173,0.5927944293066909,mr-1673c6225a055ecb5323ee5746cd0e43
2026-06-01,synthetic-g5,5,output,direct,claude_code,enterprise,3582490711,783585,1689047,2.187263173060046,0.5360786289546708,mr-1673c6225a055ecb5323ee5746cd0e43
2026-06-01,synthetic-g5,5,output,direct,claude_code,mid_market_api,1676372,367,848,2.1892515503718744,0.5672169811320755,mr-1673c6225a055ecb5323ee5746cd0e43
2026-06-01,synthetic-g5,5,output,direct,claude_code,startup_api,70182081,15351,35584,2.1873104617687242,0.5685982464028777,mr-1673c6225a055ecb5323ee5746cd0e43
2026-06-01,synthetic-g5,5,output,gcp_marketplace,api,marketplace,14626845,3199,6720,2.187074519487969,0.5239583333333333,mr-1673c6225a055ecb5323ee5746cd0e43
2026-07-01,synthetic-g5,5,cache_read,aws_marketplace,api,marketplace,24511451,194,300,0.07914668127970066,0.3533333333333334,mr-1673c6225a055ecb5323ee5746cd0e43
2026-07-01,synthetic-g5,5,cache_read,aws_marketplace,claude_code,marketplace,2177557,17,27,0.07806913894791273,0.37037037037037035,mr-1673c6225a055ecb5323ee5746cd0e43
2026-07-01,synthetic-g5,5,cache_read,azure_marketplace,api,marketplace,36203530,287,431,0.07927403764218573,0.33410672853828305,mr-1673c6225a055ecb5323ee5746cd0e43
2026-07-01,synthetic-g5,5,cache_read,direct,agent_platform,enterprise,526639051,4176,4824,0.07929529707435236,0.13432835820895528,mr-1673c6225a055ecb5323ee5746cd0e43
2026-07-01,synthetic-g5,5,cache_read,direct,agent_platform,startup_api,343302,3,4,0.08738661586591398,0.25,mr-1673c6225a055ecb5323ee5746cd0e43
2026-07-01,synthetic-g5,5,cache_read,direct,api,enterprise,1086810544,8617,9701,0.07928704821251716,0.11174105762292552,mr-1673c6225a055ecb5323ee5746cd0e43
2026-07-01,synthetic-g5,5,cache_read,direct,api,mid_market_api,101727035,807,1271,0.07932994409991405,0.3650668764752164,mr-1673c6225a055ecb5323ee5746cd0e43
2026-07-01,synthetic-g5,5,cache_read,direct,api,startup_api,14233218,113,191,0.07939174401741055,0.4083769633507853,mr-1673c6225a055ecb5323ee5746cd0e43
2026-07-01,synthetic-g5,5,cache_read,direct,claude_code,enterprise,1781492903,14125,20998,0.07928743345659009,0.3273168873226021,mr-1673c6225a055ecb5323ee5746cd0e43
2026-07-01,synthetic-g5,5,cache_read,direct,claude_code,mid_market_api,1167368,9,15,0.07709651112588319,0.4,mr-1673c6225a055ecb5323ee5746cd0e43
2026-07-01,synthetic-g5,5,cache_read,direct,claude_code,startup_api,59537218,472,755,0.07927814161555215,0.37483443708609276,mr-1673c6225a055ecb5323ee5746cd0e43
2026-07-01,synthetic-g5,5,cache_read,gcp_marketplace,api,marketplace,7145971,57,82,0.07976522714687759,0.30487804878048785,mr-1673c6225a055ecb5323ee5746cd0e43
2026-07-01,synthetic-g5,5,cache_write,aws_marketplace,api,marketplace,6126051,405,937,0.6611110485368143,0.567769477054429,mr-1673c6225a055ecb5323ee5746cd0e43
2026-07-01,synthetic-g5,5,cache_write,aws_marketplace,claude_code,marketplace,544831,36,86,0.660755353494937,0.5813953488372092,mr-1673c6225a055ecb5323ee5746cd0e43
2026-07-01,synthetic-g5,5,cache_write,azure_marketplace,api,marketplace,9054431,598,1350,0.6604501155290708,0.557037037037037,mr-1673c6225a055ecb5323ee5746cd0e43
2026-07-01,synthetic-g5,5,cache_write,direct,agent_platform,enterprise,131666038,8700,15077,0.660762648603431,0.42296212774424624,mr-1673c6225a055ecb5323ee5746cd0e43
2026-07-01,synthetic-g5,5,cache_write,direct,agent_platform,startup_api,85345,6,13,0.7030288827699338,0.5384615384615384,mr-1673c6225a055ecb5323ee5746cd0e43
2026-07-01,synthetic-g5,5,cache_write,direct,api,enterprise,271709465,17953,30317,0.6607425324693786,0.40782399313916284,mr-1673c6225a055ecb5323ee5746cd0e43
2026-07-01,synthetic-g5,5,cache_write,direct,api,mid_market_api,25439081,1681,3974,0.6607943109265622,0.5770005032712633,mr-1673c6225a055ecb5323ee5746cd0e43
2026-07-01,synthetic-g5,5,cache_write,direct,api,startup_api,3556159,235,599,0.6608253455483852,0.6076794657762938,mr-1673c6225a055ecb5323ee5746cd0e43
2026-07-01,synthetic-g5,5,cache_write,direct,claude_code,enterprise,445400962,29429,65623,0.6607304992753922,0.5515444280206635,mr-1673c6225a055ecb5323ee5746cd0e43
2026-07-01,synthetic-g5,5,cache_write,direct,claude_code,mid_market_api,291768,19,46,0.6512023251350388,0.5869565217391304,mr-1673c6225a055ecb5323ee5746cd0e43
2026-07-01,synthetic-g5,5,cache_write,direct,claude_code,startup_api,14893047,984,2359,0.6607110015834906,0.582874099194574,mr-1673c6225a055ecb5323ee5746cd0e43
2026-07-01,synthetic-g5,5,cache_write,gcp_marketplace,api,marketplace,1785641,118,257,0.660827120345019,0.5408560311284047,mr-1673c6225a055ecb5323ee5746cd0e43
2026-07-01,synthetic-g5,5,input,aws_marketplace,api,marketplace,61262000,3238,7496,0.5285495086676896,0.5680362860192103,mr-1673c6225a055ecb5323ee5746cd0e43
2026-07-01,synthetic-g5,5,input,aws_marketplace,claude_code,marketplace,5447446,288,685,0.5286881228377481,0.5795620437956204,mr-1673c6225a055ecb5323ee5746cd0e43
2026-07-01,synthetic-g5,5,input,azure_marketplace,api,marketplace,90527803,4786,10797,0.5286773611417478,0.5567287209410021,mr-1673c6225a055ecb5323ee5746cd0e43
2026-07-01,synthetic-g5,5,input,direct,agent_platform,enterprise,1316670023,69598,120619,0.528591057624466,0.42299306079473387,mr-1673c6225a055ecb5323ee5746cd0e43
2026-07-01,synthetic-g5,5,input,direct,agent_platform,startup_api,857097,45,105,0.5250280890027617,0.5714285714285714,mr-1673c6225a055ecb5323ee5746cd0e43
2026-07-01,synthetic-g5,5,input,direct,api,enterprise,2716991154,143617,242528,0.5285883974578447,0.4078333223380394,mr-1673c6225a055ecb5323ee5746cd0e43
2026-07-01,synthetic-g5,5,input,direct,api,mid_market_api,1254299605,66301,31784,0.5285898180602552,-1.0859866599546941,mr-1673c6225a055ecb5323ee5746cd0e43
2026-07-01,synthetic-g5,5,input,direct,api,startup_api,35584403,1881,4793,0.5286023767210595,0.6075526809931149,mr-1673c6225a055ecb5323ee5746cd0e43
2026-07-01,synthetic-g5,5,input,direct,claude_code,enterprise,4453853498,235425,524967,0.5285872112895439,0.5515432398607912,mr-1673c6225a055ecb5323ee5746cd0e43
2026-07-01,synthetic-g5,5,input,direct,claude_code,mid_market_api,2917295,154,369,0.5278862782132078,0.5826558265582655,mr-1673c6225a055ecb5323ee5746cd0e43
2026-07-01,synthetic-g5,5,input,direct,claude_code,startup_api,148836725,7868,18862,0.5286329701221254,0.5828650196161596,mr-1673c6225a055ecb5323ee5746cd0e43
2026-07-01,synthetic-g5,5,input,gcp_marketplace,api,marketplace,17860884,944,2051,0.5285292710036077,0.5397367137981472,mr-1673c6225a055ecb5323ee5746cd0e43
2026-07-01,synthetic-g5,5,output,aws_marketplace,api,marketplace,30628825,6476,14990,2.1143481671268813,0.5679786524349566,mr-1673c6225a055ecb5323ee5746cd0e43
2026-07-01,synthetic-g5,5,output,aws_marketplace,claude_code,marketplace,2724023,576,1369,2.1145195910607217,0.579254930606282,mr-1673c6225a055ecb5323ee5746cd0e43
2026-07-01,synthetic-g5,5,output,azure_marketplace,api,marketplace,45276252,9572,21603,2.114132592070563,0.556913391658566,mr-1673c6225a055ecb5323ee5746cd0e43
2026-07-01,synthetic-g5,5,output,direct,agent_platform,enterprise,658323014,139193,241233,2.114357193048092,0.42299353736843637,mr-1673c6225a055ecb5323ee5746cd0e43
2026-07-01,synthetic-g5,5,output,direct,agent_platform,startup_api,429204,91,210,2.1202039123586918,0.5666666666666667,mr-1673c6225a055ecb5323ee5746cd0e43
2026-07-01,synthetic-g5,5,output,direct,api,enterprise,1358486527,287232,485053,2.114352953019754,0.40783378311236096,mr-1673c6225a055ecb5323ee5746cd0e43
2026-07-01,synthetic-g5,5,output,direct,api,mid_market_api,127153066,26884,63571,2.1143021435283362,0.577102766984946,mr-1673c6225a055ecb5323ee5746cd0e43
2026-07-01,synthetic-g5,5,output,direct,api,startup_api,17777930,3759,9576,2.114419395283928,0.6074561403508771,mr-1673c6225a055ecb5323ee5746cd0e43
2026-07-01,synthetic-g5,5,output,direct,claude_code,enterprise,2226860113,470837,1049904,2.1143537362375846,0.5515428077233728,mr-1673c6225a055ecb5323ee5746cd0e43
2026-07-01,synthetic-g5,5,output,direct,claude_code,mid_market_api,1459928,309,739,2.1165427336142604,0.5818673883626522,mr-1673c6225a055ecb5323ee5746cd0e43
2026-07-01,synthetic-g5,5,output,direct,claude_code,startup_api,74435296,15738,37733,2.1143195292727794,0.5829115098189913,mr-1673c6225a055ecb5323ee5746cd0e43
2026-07-01,synthetic-g5,5,output,gcp_marketplace,api,marketplace,8927179,1887,4100,2.1137696466039273,0.5397560975609756,mr-1673c6225a055ecb5323ee5746cd0e43
